Unique ID,Monolayer (C2DB),Interlayer distance,Formula,Binding energy,Slide stability,mat_link,Magnetic,2D Bravais type,Band gap,COD id of parent bulk structure,ICSD id of parent bulk structure,Inversion symmetry,Layer group,Layer group number,Number of atoms,Monolayer ID,Number of layers,Number of species,Point group,Reduced formula,Stoichiometry,Structure origin,Thickness,Unit cell area,param1,param2,param3,param4,paramIz,param5,param6,Monolayer band gap,mat_name,stable,mono_name,param7
Cr2S4-45828f7c9596-2--1_0_0_-1--0.5_-0.5,Cr2S4-45828f7c9596,3.476,Cr4S8,15.292,Unverified,https://bidb.fysik.dtu.dk/material/2CrS2-1-2--1_0_0_-1--0.5_-0.5,No,,,,,No,pm2m,27,12,Cr2S4-45828f7c9596,2,2,,CrS2,AB2,original24,10.009,16.451,-1,0,0,-1,0,1.0,-0.5,0.0,2CrS2-1-2--1_0_0_-1--0.5_-0.5,2,Cr2S4-45828f7c9596,-0.5
Cr2S4-45828f7c9596-2--1_0_0_-1--0.5_-0.77,Cr2S4-45828f7c9596,2.849,Cr4S8,21.761,Unstable,https://bidb.fysik.dtu.dk/material/2CrS2-1-2--1_0_0_-1--0.5_-0.77,No,,,,,No,pm11,11,12,Cr2S4-45828f7c9596,2,2,,CrS2,AB2,original24,9.382,16.451,-1,0,0,-1,0,1.0,-0.5,0.0,2CrS2-1-2--1_0_0_-1--0.5_-0.77,0,Cr2S4-45828f7c9596,-0.77
Cr2S4-45828f7c9596-2--1_0_0_-1--0.5_-0.91,Cr2S4-45828f7c9596,2.645,Cr4S8,24.843,Stable,https://bidb.fysik.dtu.dk/material/2CrS2-1-2--1_0_0_-1--0.5_-0.91,No,,0.0,,,No,pm11,11,12,Cr2S4-45828f7c9596,2,2,,CrS2,AB2,original24,9.178,16.451,-1,0,0,-1,0,1.0,-0.5,0.0,2CrS2-1-2--1_0_0_-1--0.5_-0.91,1,Cr2S4-45828f7c9596,-0.91
Cr2S4-45828f7c9596-2--1_0_0_-1-0.5_0.02,Cr2S4-45828f7c9596,2.66,Cr4S8,24.764,Unstable,https://bidb.fysik.dtu.dk/material/2CrS2-1-2--1_0_0_-1-0.5_0.02,No,,,,,No,pm11,11,12,Cr2S4-45828f7c9596,2,2,,CrS2,AB2,original24,9.192,16.451,-1,0,0,-1,0,1.0,0.5,0.0,2CrS2-1-2--1_0_0_-1-0.5_0.02,0,Cr2S4-45828f7c9596,0.02
Cr2S4-45828f7c9596-2--1_0_0_-1-0.5_0,Cr2S4-45828f7c9596,2.656,Cr4S8,24.755,Unstable,https://bidb.fysik.dtu.dk/material/2CrS2-1-2--1_0_0_-1-0.5_0,No,,,,,No,pm2_1b,28,12,Cr2S4-45828f7c9596,2,2,,CrS2,AB2,original24,9.188,16.451,-1,0,0,-1,0,1.0,0.5,0.0,2CrS2-1-2--1_0_0_-1-0.5_0,0,Cr2S4-45828f7c9596,0.0
Cr2S4-45828f7c9596-2--1_0_0_-1-0_-0.62,Cr2S4-45828f7c9596,2.882,Cr4S8,20.938,Unverified,https://bidb.fysik.dtu.dk/material/2CrS2-1-2--1_0_0_-1-0_-0.62,No,,,,,No,pm11,11,12,Cr2S4-45828f7c9596,2,2,,CrS2,AB2,original24,9.415,16.451,-1,0,0,-1,0,1.0,0.0,0.0,2CrS2-1-2--1_0_0_-1-0_-0.62,2,Cr2S4-45828f7c9596,-0.62
Cr2S4-45828f7c9596-2--1_0_0_-1-0_-0.9,Cr2S4-45828f7c9596,3.108,Cr4S8,19.424,Unverified,https://bidb.fysik.dtu.dk/material/2CrS2-1-2--1_0_0_-1-0_-0.9,No,,,,,No,pm11,11,12,Cr2S4-45828f7c9596,2,2,,CrS2,AB2,original24,9.641,16.451,-1,0,0,-1,0,1.0,0.0,0.0,2CrS2-1-2--1_0_0_-1-0_-0.9,2,Cr2S4-45828f7c9596,-0.9
Cr2S4-45828f7c9596-2--1_0_0_-1-0_0.5,Cr2S4-45828f7c9596,3.011,Cr4S8,19.469,Unverified,https://bidb.fysik.dtu.dk/material/2CrS2-1-2--1_0_0_-1-0_0.5,No,,,,,No,pm2a,31,12,Cr2S4-45828f7c9596,2,2,,CrS2,AB2,original24,9.544,16.451,-1,0,0,-1,0,1.0,0.0,0.0,2CrS2-1-2--1_0_0_-1-0_0.5,2,Cr2S4-45828f7c9596,0.5
Cr2S4-45828f7c9596-2-1_0_0_1--0.5_-0.12,Cr2S4-45828f7c9596,3.437,Cr4S8,15.668,Unverified,https://bidb.fysik.dtu.dk/material/2CrS2-1-2-1_0_0_1--0.5_-0.12,No,,,,,Yes,p2/m11,14,12,Cr2S4-45828f7c9596,2,2,,CrS2,AB2,original24,9.97,16.451,1,0,0,1,0,1.0,-0.5,0.0,2CrS2-1-2-1_0_0_1--0.5_-0.12,2,Cr2S4-45828f7c9596,-0.12
Cr2S4-45828f7c9596-2-1_0_0_1--0.5_-0.4,Cr2S4-45828f7c9596,2.966,Cr4S8,20.095,Unverified,https://bidb.fysik.dtu.dk/material/2CrS2-1-2-1_0_0_1--0.5_-0.4,No,,,,,Yes,p2/m11,14,12,Cr2S4-45828f7c9596,2,2,,CrS2,AB2,original24,9.498,16.451,1,0,0,1,0,1.0,-0.5,0.0,2CrS2-1-2-1_0_0_1--0.5_-0.4,2,Cr2S4-45828f7c9596,-0.4
Cr2S4-45828f7c9596-2-1_0_0_1--0.5_-0.55,Cr2S4-45828f7c9596,2.62,Cr4S8,24.392,Stable,https://bidb.fysik.dtu.dk/material/2CrS2-1-2-1_0_0_1--0.5_-0.55,No,,0.0,,,Yes,p2/m11,14,12,Cr2S4-45828f7c9596,2,2,,CrS2,AB2,original24,9.153,16.451,1,0,0,1,0,1.0,-0.5,0.0,2CrS2-1-2-1_0_0_1--0.5_-0.55,1,Cr2S4-45828f7c9596,-0.55
Cr2S4-45828f7c9596-2-1_0_0_1--0.5_-0.7,Cr2S4-45828f7c9596,2.753,Cr4S8,23.6,Unstable,https://bidb.fysik.dtu.dk/material/2CrS2-1-2-1_0_0_1--0.5_-0.7,No,,,,,Yes,p2/m11,14,12,Cr2S4-45828f7c9596,2,2,,CrS2,AB2,original24,9.286,16.451,1,0,0,1,0,1.0,-0.5,0.0,2CrS2-1-2-1_0_0_1--0.5_-0.7,0,Cr2S4-45828f7c9596,-0.7
Cr2S4-45828f7c9596-2-1_0_0_1--0.5_-0.74,Cr2S4-45828f7c9596,2.772,Cr4S8,23.517,Unstable,https://bidb.fysik.dtu.dk/material/2CrS2-1-2-1_0_0_1--0.5_-0.74,No,,,,,Yes,p2/m11,14,12,Cr2S4-45828f7c9596,2,2,,CrS2,AB2,original24,9.305,16.451,1,0,0,1,0,1.0,-0.5,0.0,2CrS2-1-2-1_0_0_1--0.5_-0.74,0,Cr2S4-45828f7c9596,-0.74
Cr2S4-45828f7c9596-2-1_0_0_1--0.5_-0.77,Cr2S4-45828f7c9596,2.778,Cr4S8,23.392,Unstable,https://bidb.fysik.dtu.dk/material/2CrS2-1-2-1_0_0_1--0.5_-0.77,No,,,,,Yes,p2/m11,14,12,Cr2S4-45828f7c9596,2,2,,CrS2,AB2,original24,9.311,16.451,1,0,0,1,0,1.0,-0.5,0.0,2CrS2-1-2-1_0_0_1--0.5_-0.77,0,Cr2S4-45828f7c9596,-0.77
Cr2S4-45828f7c9596-2-1_0_0_1-0.5_0.4,Cr2S4-45828f7c9596,2.675,Cr4S8,24.109,Unstable,https://bidb.fysik.dtu.dk/material/2CrS2-1-2-1_0_0_1-0.5_0.4,No,,,,,Yes,p2/m11,14,12,Cr2S4-45828f7c9596,2,2,,CrS2,AB2,original24,9.208,16.451,1,0,0,1,0,1.0,0.5,0.0,2CrS2-1-2-1_0_0_1-0.5_0.4,0,Cr2S4-45828f7c9596,0.4
Cr2S4-45828f7c9596-2-1_0_0_1-0.5_0,Cr2S4-45828f7c9596,3.256,Cr4S8,17.259,Unverified,https://bidb.fysik.dtu.dk/material/2CrS2-1-2-1_0_0_1-0.5_0,No,,,,,Yes,p2/m11,14,12,Cr2S4-45828f7c9596,2,2,,CrS2,AB2,original24,9.789,16.451,1,0,0,1,0,1.0,0.5,0.0,2CrS2-1-2-1_0_0_1-0.5_0,2,Cr2S4-45828f7c9596,0.0
Cr2S4-45828f7c9596-2-1_0_0_1-0_-0.27,Cr2S4-45828f7c9596,2.914,Cr4S8,20.957,Unverified,https://bidb.fysik.dtu.dk/material/2CrS2-1-2-1_0_0_1-0_-0.27,No,,,,,Yes,p2_1/m11,15,12,Cr2S4-45828f7c9596,2,2,,CrS2,AB2,original24,9.447,16.451,1,0,0,1,0,1.0,0.0,0.0,2CrS2-1-2-1_0_0_1-0_-0.27,2,Cr2S4-45828f7c9596,-0.27
Cr2S4-45828f7c9596-2-1_0_0_1-0_-0.62,Cr2S4-45828f7c9596,3.185,Cr4S8,18.681,Unverified,https://bidb.fysik.dtu.dk/material/2CrS2-1-2-1_0_0_1-0_-0.62,No,,,,,Yes,p2_1/m11,15,12,Cr2S4-45828f7c9596,2,2,,CrS2,AB2,original24,9.718,16.451,1,0,0,1,0,1.0,0.0,0.0,2CrS2-1-2-1_0_0_1-0_-0.62,2,Cr2S4-45828f7c9596,-0.62
Cr2S4-45828f7c9596-2-1_0_0_1-0_0.5,Cr2S4-45828f7c9596,2.998,Cr4S8,20.735,Unverified,https://bidb.fysik.dtu.dk/material/2CrS2-1-2-1_0_0_1-0_0.5,No,,,,,Yes,p2_1/m11,15,12,Cr2S4-45828f7c9596,2,2,,CrS2,AB2,original24,9.531,16.451,1,0,0,1,0,1.0,0.0,0.0,2CrS2-1-2-1_0_0_1-0_0.5,2,Cr2S4-45828f7c9596,0.5
Cr2S4-45828f7c9596-2-1_0_0_1-0_0,Cr2S4-45828f7c9596,2.824,Cr4S8,21.359,Unverified,https://bidb.fysik.dtu.dk/material/2CrS2-1-2-1_0_0_1-0_0,No,,,,,Yes,p2_1/m11,15,12,Cr2S4-45828f7c9596,2,2,,CrS2,AB2,original24,9.356,16.451,1,0,0,1,0,1.0,0.0,0.0,2CrS2-1-2-1_0_0_1-0_0,2,Cr2S4-45828f7c9596,0.0
Cr2Se4-27ef6952ebef-2--1_0_0_-1--0.5_-0.07,Cr2Se4-27ef6952ebef,2.847,Cr4Se8,25.766,Stable,https://bidb.fysik.dtu.dk/material/2CrSe2-1-2--1_0_0_-1--0.5_-0.07,No,,0.0,,,No,pm11,11,12,Cr2Se4-27ef6952ebef,2,2,,CrSe2,AB2,original24,9.92,17.95,-1,0,0,-1,0,1.0,-0.5,0.0,2CrSe2-1-2--1_0_0_-1--0.5_-0.07,1,Cr2Se4-27ef6952ebef,-0.07
Cr2Se4-27ef6952ebef-2--1_0_0_-1--0.5_-0.08,Cr2Se4-27ef6952ebef,2.847,Cr4Se8,25.761,Unstable,https://bidb.fysik.dtu.dk/material/2CrSe2-1-2--1_0_0_-1--0.5_-0.08,No,,,,,No,pm11,11,12,Cr2Se4-27ef6952ebef,2,2,,CrSe2,AB2,original24,9.92,17.95,-1,0,0,-1,0,1.0,-0.5,0.0,2CrSe2-1-2--1_0_0_-1--0.5_-0.08,0,Cr2Se4-27ef6952ebef,-0.08
Cr2Se4-27ef6952ebef-2--1_0_0_-1--0.5_-0.12,Cr2Se4-27ef6952ebef,2.846,Cr4Se8,25.593,Unstable,https://bidb.fysik.dtu.dk/material/2CrSe2-1-2--1_0_0_-1--0.5_-0.12,No,,,,,No,pm11,11,12,Cr2Se4-27ef6952ebef,2,2,,CrSe2,AB2,original24,9.918,17.95,-1,0,0,-1,0,1.0,-0.5,0.0,2CrSe2-1-2--1_0_0_-1--0.5_-0.12,0,Cr2Se4-27ef6952ebef,-0.12
Cr2Se4-27ef6952ebef-2--1_0_0_-1--0.5_-0.5,Cr2Se4-27ef6952ebef,3.6,Cr4Se8,16.184,Unverified,https://bidb.fysik.dtu.dk/material/2CrSe2-1-2--1_0_0_-1--0.5_-0.5,No,,,,,No,pm2m,27,12,Cr2Se4-27ef6952ebef,2,2,,CrSe2,AB2,original24,10.672,17.95,-1,0,0,-1,0,1.0,-0.5,0.0,2CrSe2-1-2--1_0_0_-1--0.5_-0.5,2,Cr2Se4-27ef6952ebef,-0.5
Cr2Se4-27ef6952ebef-2--1_0_0_-1--0.5_-0.77,Cr2Se4-27ef6952ebef,3.026,Cr4Se8,22.614,Unverified,https://bidb.fysik.dtu.dk/material/2CrSe2-1-2--1_0_0_-1--0.5_-0.77,No,,,,,No,pm11,11,12,Cr2Se4-27ef6952ebef,2,2,,CrSe2,AB2,original24,10.098,17.95,-1,0,0,-1,0,1.0,-0.5,0.0,2CrSe2-1-2--1_0_0_-1--0.5_-0.77,2,Cr2Se4-27ef6952ebef,-0.77
Cr2Se4-27ef6952ebef-2--1_0_0_-1-0.5_-0.02,Cr2Se4-27ef6952ebef,2.852,Cr4Se8,25.748,Unstable,https://bidb.fysik.dtu.dk/material/2CrSe2-1-2--1_0_0_-1-0.5_-0.02,No,,,,,No,pm11,11,12,Cr2Se4-27ef6952ebef,2,2,,CrSe2,AB2,original24,9.924,17.95,-1,0,0,-1,0,1.0,0.5,0.0,2CrSe2-1-2--1_0_0_-1-0.5_-0.02,0,Cr2Se4-27ef6952ebef,-0.02
Cr2Se4-27ef6952ebef-2--1_0_0_-1-0.5_-0.04,Cr2Se4-27ef6952ebef,2.852,Cr4Se8,25.756,Unstable,https://bidb.fysik.dtu.dk/material/2CrSe2-1-2--1_0_0_-1-0.5_-0.04,No,,,,,No,pm11,11,12,Cr2Se4-27ef6952ebef,2,2,,CrSe2,AB2,original24,9.924,17.95,-1,0,0,-1,0,1.0,0.5,0.0,2CrSe2-1-2--1_0_0_-1-0.5_-0.04,0,Cr2Se4-27ef6952ebef,-0.04
Cr2Se4-27ef6952ebef-2--1_0_0_-1-0.5_0,Cr2Se4-27ef6952ebef,2.853,Cr4Se8,25.744,Unstable,https://bidb.fysik.dtu.dk/material/2CrSe2-1-2--1_0_0_-1-0.5_0,No,,,,,No,pm2_1b,28,12,Cr2Se4-27ef6952ebef,2,2,,CrSe2,AB2,original24,9.925,17.95,-1,0,0,-1,0,1.0,0.5,0.0,2CrSe2-1-2--1_0_0_-1-0.5_0,0,Cr2Se4-27ef6952ebef,0.0
Cr2Se4-27ef6952ebef-2--1_0_0_-1-0_-0.01,Cr2Se4-27ef6952ebef,3.299,Cr4Se8,20.035,Unverified,https://bidb.fysik.dtu.dk/material/2CrSe2-1-2--1_0_0_-1-0_-0.01,No,,,,,No,pm2_1n,32,12,Cr2Se4-27ef6952ebef,2,2,,CrSe2,AB2,original24,10.372,17.95,-1,0,0,-1,0,1.0,0.0,0.0,2CrSe2-1-2--1_0_0_-1-0_-0.01,2,Cr2Se4-27ef6952ebef,-0.01
Cr2Se4-27ef6952ebef-2--1_0_0_-1-0_-0.26,Cr2Se4-27ef6952ebef,2.986,Cr4Se8,23.365,Stable,https://bidb.fysik.dtu.dk/material/2CrSe2-1-2--1_0_0_-1-0_-0.26,No,,0.0,,,No,pm11,11,12,Cr2Se4-27ef6952ebef,2,2,,CrSe2,AB2,original24,10.058,17.95,-1,0,0,-1,0,1.0,0.0,0.0,2CrSe2-1-2--1_0_0_-1-0_-0.26,1,Cr2Se4-27ef6952ebef,-0.26
Cr2Se4-27ef6952ebef-2--1_0_0_-1-0_-0.61,Cr2Se4-27ef6952ebef,3.059,Cr4Se8,21.657,Unverified,https://bidb.fysik.dtu.dk/material/2CrSe2-1-2--1_0_0_-1-0_-0.61,No,,,,,No,pm11,11,12,Cr2Se4-27ef6952ebef,2,2,,CrSe2,AB2,original24,10.132,17.95,-1,0,0,-1,0,1.0,0.0,0.0,2CrSe2-1-2--1_0_0_-1-0_-0.61,2,Cr2Se4-27ef6952ebef,-0.61
Cr2Se4-27ef6952ebef-2--1_0_0_-1-0_-0.88,Cr2Se4-27ef6952ebef,3.193,Cr4Se8,21.217,Unverified,https://bidb.fysik.dtu.dk/material/2CrSe2-1-2--1_0_0_-1-0_-0.88,No,,,,,No,pm11,11,12,Cr2Se4-27ef6952ebef,2,2,,CrSe2,AB2,original24,10.265,17.95,-1,0,0,-1,0,1.0,0.0,0.0,2CrSe2-1-2--1_0_0_-1-0_-0.88,2,Cr2Se4-27ef6952ebef,-0.88
Cr2Se4-27ef6952ebef-2--1_0_0_-1-0_0.5,Cr2Se4-27ef6952ebef,3.159,Cr4Se8,20.35,Unverified,https://bidb.fysik.dtu.dk/material/2CrSe2-1-2--1_0_0_-1-0_0.5,No,,,,,No,pm2a,31,12,Cr2Se4-27ef6952ebef,2,2,,CrSe2,AB2,original24,10.232,17.95,-1,0,0,-1,0,1.0,0.0,0.0,2CrSe2-1-2--1_0_0_-1-0_0.5,2,Cr2Se4-27ef6952ebef,0.5
Cr2Se4-27ef6952ebef-2-1_0_0_1--0.5_-0.11,Cr2Se4-27ef6952ebef,3.56,Cr4Se8,16.577,Unverified,https://bidb.fysik.dtu.dk/material/2CrSe2-1-2-1_0_0_1--0.5_-0.11,No,,,,,Yes,p2/m11,14,12,Cr2Se4-27ef6952ebef,2,2,,CrSe2,AB2,original24,10.632,17.95,1,0,0,1,0,1.0,-0.5,0.0,2CrSe2-1-2-1_0_0_1--0.5_-0.11,2,Cr2Se4-27ef6952ebef,-0.11
Cr2Se4-27ef6952ebef-2-1_0_0_1--0.5_-0.38,Cr2Se4-27ef6952ebef,3.173,Cr4Se8,20.416,Unverified,https://bidb.fysik.dtu.dk/material/2CrSe2-1-2-1_0_0_1--0.5_-0.38,No,,,,,Yes,p2/m11,14,12,Cr2Se4-27ef6952ebef,2,2,,CrSe2,AB2,original24,10.245,17.95,1,0,0,1,0,1.0,-0.5,0.0,2CrSe2-1-2-1_0_0_1--0.5_-0.38,2,Cr2Se4-27ef6952ebef,-0.38
Cr2Se4-27ef6952ebef-2-1_0_0_1--0.5_-0.73,Cr2Se4-27ef6952ebef,2.918,Cr4Se8,25.052,Stable,https://bidb.fysik.dtu.dk/material/2CrSe2-1-2-1_0_0_1--0.5_-0.73,No,,0.0,,,Yes,p2/m11,14,12,Cr2Se4-27ef6952ebef,2,2,,CrSe2,AB2,original24,9.99,17.95,1,0,0,1,0,1.0,-0.5,0.0,2CrSe2-1-2-1_0_0_1--0.5_-0.73,1,Cr2Se4-27ef6952ebef,-0.73
Cr2Se4-27ef6952ebef-2-1_0_0_1--0.5_-0.74,Cr2Se4-27ef6952ebef,2.918,Cr4Se8,25.048,Unstable,https://bidb.fysik.dtu.dk/material/2CrSe2-1-2-1_0_0_1--0.5_-0.74,No,,,,,Yes,p2/m11,14,12,Cr2Se4-27ef6952ebef,2,2,,CrSe2,AB2,original24,9.99,17.95,1,0,0,1,0,1.0,-0.5,0.0,2CrSe2-1-2-1_0_0_1--0.5_-0.74,0,Cr2Se4-27ef6952ebef,-0.74
Cr2Se4-27ef6952ebef-2-1_0_0_1--0.5_-0.76,Cr2Se4-27ef6952ebef,2.919,Cr4Se8,25.006,Unstable,https://bidb.fysik.dtu.dk/material/2CrSe2-1-2-1_0_0_1--0.5_-0.76,No,,,,,Yes,p2/m11,14,12,Cr2Se4-27ef6952ebef,2,2,,CrSe2,AB2,original24,9.992,17.95,1,0,0,1,0,1.0,-0.5,0.0,2CrSe2-1-2-1_0_0_1--0.5_-0.76,0,Cr2Se4-27ef6952ebef,-0.76
Cr2Se4-27ef6952ebef-2-1_0_0_1-0.5_-0.24,Cr2Se4-27ef6952ebef,3.526,Cr4Se8,16.822,Unverified,https://bidb.fysik.dtu.dk/material/2CrSe2-1-2-1_0_0_1-0.5_-0.24,No,,,,,Yes,p2/m11,14,12,Cr2Se4-27ef6952ebef,2,2,,CrSe2,AB2,original24,10.598,17.95,1,0,0,1,0,1.0,0.5,0.0,2CrSe2-1-2-1_0_0_1-0.5_-0.24,2,Cr2Se4-27ef6952ebef,-0.24
Cr2Se4-27ef6952ebef-2-1_0_0_1-0.5_-0.51,Cr2Se4-27ef6952ebef,2.899,Cr4Se8,24.518,Unstable,https://bidb.fysik.dtu.dk/material/2CrSe2-1-2-1_0_0_1-0.5_-0.51,No,,,,,Yes,p2/m11,14,12,Cr2Se4-27ef6952ebef,2,2,,CrSe2,AB2,original24,9.972,17.95,1,0,0,1,0,1.0,0.5,0.0,2CrSe2-1-2-1_0_0_1-0.5_-0.51,0,Cr2Se4-27ef6952ebef,-0.51
Cr2Se4-27ef6952ebef-2-1_0_0_1-0.5_-0.55,Cr2Se4-27ef6952ebef,2.874,Cr4Se8,25.024,Unstable,https://bidb.fysik.dtu.dk/material/2CrSe2-1-2-1_0_0_1-0.5_-0.55,No,,,,,Yes,p2/m11,14,12,Cr2Se4-27ef6952ebef,2,2,,CrSe2,AB2,original24,9.947,17.95,1,0,0,1,0,1.0,0.5,0.0,2CrSe2-1-2-1_0_0_1-0.5_-0.55,0,Cr2Se4-27ef6952ebef,-0.55
Cr2Se4-27ef6952ebef-2-1_0_0_1-0.5_-0.58,Cr2Se4-27ef6952ebef,2.882,Cr4Se8,25.094,Unstable,https://bidb.fysik.dtu.dk/material/2CrSe2-1-2-1_0_0_1-0.5_-0.58,No,,,,,Yes,p2/m11,14,12,Cr2Se4-27ef6952ebef,2,2,,CrSe2,AB2,original24,9.954,17.95,1,0,0,1,0,1.0,0.5,0.0,2CrSe2-1-2-1_0_0_1-0.5_-0.58,0,Cr2Se4-27ef6952ebef,-0.58
Cr2Se4-27ef6952ebef-2-1_0_0_1-0.5_-0.59,Cr2Se4-27ef6952ebef,2.884,Cr4Se8,25.098,Stable,https://bidb.fysik.dtu.dk/material/2CrSe2-1-2-1_0_0_1-0.5_-0.59,No,,0.0,,,Yes,p2/m11,14,12,Cr2Se4-27ef6952ebef,2,2,,CrSe2,AB2,original24,9.957,17.95,1,0,0,1,0,1.0,0.5,0.0,2CrSe2-1-2-1_0_0_1-0.5_-0.59,1,Cr2Se4-27ef6952ebef,-0.59
Cr2Se4-27ef6952ebef-2-1_0_0_1-0.5_0.38,Cr2Se4-27ef6952ebef,2.893,Cr4Se8,25.081,Unstable,https://bidb.fysik.dtu.dk/material/2CrSe2-1-2-1_0_0_1-0.5_0.38,No,,,,,Yes,p2/m11,14,12,Cr2Se4-27ef6952ebef,2,2,,CrSe2,AB2,original24,9.965,17.95,1,0,0,1,0,1.0,0.5,0.0,2CrSe2-1-2-1_0_0_1-0.5_0.38,0,Cr2Se4-27ef6952ebef,0.38
Cr2Se4-27ef6952ebef-2-1_0_0_1-0.5_0,Cr2Se4-27ef6952ebef,3.359,Cr4Se8,18.391,Unverified,https://bidb.fysik.dtu.dk/material/2CrSe2-1-2-1_0_0_1-0.5_0,No,,,,,Yes,p2/m11,14,12,Cr2Se4-27ef6952ebef,2,2,,CrSe2,AB2,original24,10.432,17.95,1,0,0,1,0,1.0,0.5,0.0,2CrSe2-1-2-1_0_0_1-0.5_0,2,Cr2Se4-27ef6952ebef,0.0
Cr2Se4-27ef6952ebef-2-1_0_0_1-0_-0.27,Cr2Se4-27ef6952ebef,3.079,Cr4Se8,21.656,Unverified,https://bidb.fysik.dtu.dk/material/2CrSe2-1-2-1_0_0_1-0_-0.27,No,,,,,Yes,p2_1/m11,15,12,Cr2Se4-27ef6952ebef,2,2,,CrSe2,AB2,original24,10.152,17.95,1,0,0,1,0,1.0,0.0,0.0,2CrSe2-1-2-1_0_0_1-0_-0.27,2,Cr2Se4-27ef6952ebef,-0.27
Cr2Se4-27ef6952ebef-2-1_0_0_1-0_-0.38,Cr2Se4-27ef6952ebef,2.993,Cr4Se8,23.499,Unstable,https://bidb.fysik.dtu.dk/material/2CrSe2-1-2-1_0_0_1-0_-0.38,No,,,,,Yes,p2_1/m11,15,12,Cr2Se4-27ef6952ebef,2,2,,CrSe2,AB2,original24,10.065,17.95,1,0,0,1,0,1.0,0.0,0.0,2CrSe2-1-2-1_0_0_1-0_-0.38,0,Cr2Se4-27ef6952ebef,-0.38
Cr2Se4-27ef6952ebef-2-1_0_0_1-0_-0.4,Cr2Se4-27ef6952ebef,2.995,Cr4Se8,23.564,Stable,https://bidb.fysik.dtu.dk/material/2CrSe2-1-2-1_0_0_1-0_-0.4,No,,0.0,,,Yes,p2_1/m11,15,12,Cr2Se4-27ef6952ebef,2,2,,CrSe2,AB2,original24,10.068,17.95,1,0,0,1,0,1.0,0.0,0.0,2CrSe2-1-2-1_0_0_1-0_-0.4,1,Cr2Se4-27ef6952ebef,-0.4
Cr2Se4-27ef6952ebef-2-1_0_0_1-0_-0.62,Cr2Se4-27ef6952ebef,3.266,Cr4Se8,20.354,Unverified,https://bidb.fysik.dtu.dk/material/2CrSe2-1-2-1_0_0_1-0_-0.62,No,,,,,Yes,p2_1/m11,15,12,Cr2Se4-27ef6952ebef,2,2,,CrSe2,AB2,original24,10.338,17.95,1,0,0,1,0,1.0,0.0,0.0,2CrSe2-1-2-1_0_0_1-0_-0.62,2,Cr2Se4-27ef6952ebef,-0.62
Cr2Se4-27ef6952ebef-2-1_0_0_1-0_0.27,Cr2Se4-27ef6952ebef,3.259,Cr4Se8,20.438,Unverified,https://bidb.fysik.dtu.dk/material/2CrSe2-1-2-1_0_0_1-0_0.27,No,,,,,Yes,p2_1/m11,15,12,Cr2Se4-27ef6952ebef,2,2,,CrSe2,AB2,original24,10.332,17.95,1,0,0,1,0,1.0,0.0,0.0,2CrSe2-1-2-1_0_0_1-0_0.27,2,Cr2Se4-27ef6952ebef,0.27
Cr2Se4-27ef6952ebef-2-1_0_0_1-0_0.5,Cr2Se4-27ef6952ebef,3.106,Cr4Se8,22.365,Unverified,https://bidb.fysik.dtu.dk/material/2CrSe2-1-2-1_0_0_1-0_0.5,No,,,,,Yes,p2_1/m11,15,12,Cr2Se4-27ef6952ebef,2,2,,CrSe2,AB2,original24,10.178,17.95,1,0,0,1,0,1.0,0.0,0.0,2CrSe2-1-2-1_0_0_1-0_0.5,2,Cr2Se4-27ef6952ebef,0.5
Cr2Se4-27ef6952ebef-2-1_0_0_1-0_0,Cr2Se4-27ef6952ebef,3.019,Cr4Se8,22.119,Unverified,https://bidb.fysik.dtu.dk/material/2CrSe2-1-2-1_0_0_1-0_0,No,,,,,Yes,p2_1/m11,15,12,Cr2Se4-27ef6952ebef,2,2,,CrSe2,AB2,original24,10.092,17.95,1,0,0,1,0,1.0,0.0,0.0,2CrSe2-1-2-1_0_0_1-0_0,2,Cr2Se4-27ef6952ebef,0.0
Hf2Br4-69aac3df8db3-2--1_0_0_-1--0.5_-0.11,Hf2Br4-69aac3df8db3,2.876,Hf4Br8,16.708,Stable,https://bidb.fysik.dtu.dk/material/2HfBr2-1-2--1_0_0_-1--0.5_-0.11,No,,0.732,,,No,pm11,11,12,Hf2Br4-69aac3df8db3,2,2,,HfBr2,AB2,original24,11.218,22.102,-1,0,0,-1,0,1.0,-0.5,0.840205097,2HfBr2-1-2--1_0_0_-1--0.5_-0.11,1,Hf2Br4-69aac3df8db3,-0.11
Hf2Br4-69aac3df8db3-2--1_0_0_-1--0.5_-0.12,Hf2Br4-69aac3df8db3,2.877,Hf4Br8,16.698,Unstable,https://bidb.fysik.dtu.dk/material/2HfBr2-1-2--1_0_0_-1--0.5_-0.12,No,,0.731,,,No,pm11,11,12,Hf2Br4-69aac3df8db3,2,2,,HfBr2,AB2,original24,11.219,22.102,-1,0,0,-1,0,1.0,-0.5,0.840205097,2HfBr2-1-2--1_0_0_-1--0.5_-0.12,0,Hf2Br4-69aac3df8db3,-0.12
Hf2Br4-69aac3df8db3-2--1_0_0_-1--0.5_-0.5,Hf2Br4-69aac3df8db3,3.611,Hf4Br8,9.902,Unverified,https://bidb.fysik.dtu.dk/material/2HfBr2-1-2--1_0_0_-1--0.5_-0.5,No,,0.737,,,No,pm2m,27,12,Hf2Br4-69aac3df8db3,2,2,,HfBr2,AB2,original24,11.953,22.102,-1,0,0,-1,0,1.0,-0.5,0.840205097,2HfBr2-1-2--1_0_0_-1--0.5_-0.5,2,Hf2Br4-69aac3df8db3,-0.5
Hf2Br4-69aac3df8db3-2--1_0_0_-1--0.5_-0.77,Hf2Br4-69aac3df8db3,3.039,Hf4Br8,14.744,Unstable,https://bidb.fysik.dtu.dk/material/2HfBr2-1-2--1_0_0_-1--0.5_-0.77,No,,0.735,,,No,pm11,11,12,Hf2Br4-69aac3df8db3,2,2,,HfBr2,AB2,original24,11.382,22.102,-1,0,0,-1,0,1.0,-0.5,0.840205097,2HfBr2-1-2--1_0_0_-1--0.5_-0.77,0,Hf2Br4-69aac3df8db3,-0.77
Hf2Br4-69aac3df8db3-2--1_0_0_-1-0.5_0,Hf2Br4-69aac3df8db3,2.905,Hf4Br8,16.435,Unstable,https://bidb.fysik.dtu.dk/material/2HfBr2-1-2--1_0_0_-1-0.5_0,No,,0.738,,,No,pm2_1b,28,12,Hf2Br4-69aac3df8db3,2,2,,HfBr2,AB2,original24,11.247,22.102,-1,0,0,-1,0,1.0,0.5,0.840205097,2HfBr2-1-2--1_0_0_-1-0.5_0,0,Hf2Br4-69aac3df8db3,0.0
Hf2Br4-69aac3df8db3-2--1_0_0_-1-0_-0.24,Hf2Br4-69aac3df8db3,2.971,Hf4Br8,15.781,Stable,https://bidb.fysik.dtu.dk/material/2HfBr2-1-2--1_0_0_-1-0_-0.24,No,,0.747,,,No,pm11,11,12,Hf2Br4-69aac3df8db3,2,2,,HfBr2,AB2,original24,11.313,22.102,-1,0,0,-1,0,1.0,0.0,0.840205097,2HfBr2-1-2--1_0_0_-1-0_-0.24,1,Hf2Br4-69aac3df8db3,-0.24
Hf2Br4-69aac3df8db3-2--1_0_0_-1-0_-0.27,Hf2Br4-69aac3df8db3,2.972,Hf4Br8,15.673,Unstable,https://bidb.fysik.dtu.dk/material/2HfBr2-1-2--1_0_0_-1-0_-0.27,No,,0.746,,,No,pm11,11,12,Hf2Br4-69aac3df8db3,2,2,,HfBr2,AB2,original24,11.314,22.102,-1,0,0,-1,0,1.0,0.0,0.840205097,2HfBr2-1-2--1_0_0_-1-0_-0.27,0,Hf2Br4-69aac3df8db3,-0.27
Hf2Br4-69aac3df8db3-2--1_0_0_-1-0_-0.61,Hf2Br4-69aac3df8db3,3.174,Hf4Br8,13.74,Unstable,https://bidb.fysik.dtu.dk/material/2HfBr2-1-2--1_0_0_-1-0_-0.61,No,,0.738,,,No,pm11,11,12,Hf2Br4-69aac3df8db3,2,2,,HfBr2,AB2,original24,11.516,22.102,-1,0,0,-1,0,1.0,0.0,0.840205097,2HfBr2-1-2--1_0_0_-1-0_-0.61,0,Hf2Br4-69aac3df8db3,-0.61
Hf2Br4-69aac3df8db3-2--1_0_0_-1-0_-0.88,Hf2Br4-69aac3df8db3,3.14,Hf4Br8,14.471,Unstable,https://bidb.fysik.dtu.dk/material/2HfBr2-1-2--1_0_0_-1-0_-0.88,No,,0.735,,,No,pm11,11,12,Hf2Br4-69aac3df8db3,2,2,,HfBr2,AB2,original24,11.483,22.102,-1,0,0,-1,0,1.0,0.0,0.840205097,2HfBr2-1-2--1_0_0_-1-0_-0.88,0,Hf2Br4-69aac3df8db3,-0.88
Hf2Br4-69aac3df8db3-2--1_0_0_-1-0_0.5,Hf2Br4-69aac3df8db3,3.28,Hf4Br8,12.938,Unverified,https://bidb.fysik.dtu.dk/material/2HfBr2-1-2--1_0_0_-1-0_0.5,No,,0.74,,,No,pm2a,31,12,Hf2Br4-69aac3df8db3,2,2,,HfBr2,AB2,original24,11.623,22.102,-1,0,0,-1,0,1.0,0.0,0.840205097,2HfBr2-1-2--1_0_0_-1-0_0.5,2,Hf2Br4-69aac3df8db3,0.5
Hf2Br4-69aac3df8db3-2--1_0_0_-1-0_0,Hf2Br4-69aac3df8db3,3.23,Hf4Br8,13.764,Unstable,https://bidb.fysik.dtu.dk/material/2HfBr2-1-2--1_0_0_-1-0_0,No,,0.735,,,No,pm2_1n,32,12,Hf2Br4-69aac3df8db3,2,2,,HfBr2,AB2,original24,11.572,22.102,-1,0,0,-1,0,1.0,0.0,0.840205097,2HfBr2-1-2--1_0_0_-1-0_0,0,Hf2Br4-69aac3df8db3,0.0
Hf2Br4-69aac3df8db3-2-1_0_0_1--0.5_-0.11,Hf2Br4-69aac3df8db3,3.594,Hf4Br8,10.785,Unverified,https://bidb.fysik.dtu.dk/material/2HfBr2-1-2-1_0_0_1--0.5_-0.11,No,,0.753,,,Yes,p2/m11,14,12,Hf2Br4-69aac3df8db3,2,2,,HfBr2,AB2,original24,11.936,22.102,1,0,0,1,0,1.0,-0.5,0.840205097,2HfBr2-1-2-1_0_0_1--0.5_-0.11,2,Hf2Br4-69aac3df8db3,-0.11
Hf2Br4-69aac3df8db3-2-1_0_0_1--0.5_-0.38,Hf2Br4-69aac3df8db3,3.196,Hf4Br8,13.567,Unverified,https://bidb.fysik.dtu.dk/material/2HfBr2-1-2-1_0_0_1--0.5_-0.38,No,,0.731,,,Yes,p2/m11,14,12,Hf2Br4-69aac3df8db3,2,2,,HfBr2,AB2,original24,11.539,22.102,1,0,0,1,0,1.0,-0.5,0.840205097,2HfBr2-1-2-1_0_0_1--0.5_-0.38,2,Hf2Br4-69aac3df8db3,-0.38
Hf2Br4-69aac3df8db3-2-1_0_0_1--0.5_-0.76,Hf2Br4-69aac3df8db3,2.876,Hf4Br8,16.647,Stable,https://bidb.fysik.dtu.dk/material/2HfBr2-1-2-1_0_0_1--0.5_-0.76,No,,0.742,,,Yes,p2/m11,14,12,Hf2Br4-69aac3df8db3,2,2,,HfBr2,AB2,original24,11.218,22.102,1,0,0,1,0,1.0,-0.5,0.840205097,2HfBr2-1-2-1_0_0_1--0.5_-0.76,1,Hf2Br4-69aac3df8db3,-0.76
Hf2Br4-69aac3df8db3-2-1_0_0_1--0.5_-0.77,Hf2Br4-69aac3df8db3,2.877,Hf4Br8,16.641,Unstable,https://bidb.fysik.dtu.dk/material/2HfBr2-1-2-1_0_0_1--0.5_-0.77,No,,0.741,,,Yes,p2/m11,14,12,Hf2Br4-69aac3df8db3,2,2,,HfBr2,AB2,original24,11.219,22.102,1,0,0,1,0,1.0,-0.5,0.840205097,2HfBr2-1-2-1_0_0_1--0.5_-0.77,0,Hf2Br4-69aac3df8db3,-0.77
Hf2Br4-69aac3df8db3-2-1_0_0_1-0.5_-0.23,Hf2Br4-69aac3df8db3,3.555,Hf4Br8,11.075,Unverified,https://bidb.fysik.dtu.dk/material/2HfBr2-1-2-1_0_0_1-0.5_-0.23,No,,0.749,,,Yes,p2/m11,14,12,Hf2Br4-69aac3df8db3,2,2,,HfBr2,AB2,original24,11.897,22.102,1,0,0,1,0,1.0,0.5,0.840205097,2HfBr2-1-2-1_0_0_1-0.5_-0.23,2,Hf2Br4-69aac3df8db3,-0.23
Hf2Br4-69aac3df8db3-2-1_0_0_1-0.5_-0.5,Hf2Br4-69aac3df8db3,2.888,Hf4Br8,16.367,Unstable,https://bidb.fysik.dtu.dk/material/2HfBr2-1-2-1_0_0_1-0.5_-0.5,No,,0.742,,,Yes,p2/m11,14,12,Hf2Br4-69aac3df8db3,2,2,,HfBr2,AB2,original24,11.23,22.102,1,0,0,1,0,1.0,0.5,0.840205097,2HfBr2-1-2-1_0_0_1-0.5_-0.5,0,Hf2Br4-69aac3df8db3,-0.5
Hf2Br4-69aac3df8db3-2-1_0_0_1-0.5_-0.54,Hf2Br4-69aac3df8db3,2.883,Hf4Br8,16.583,Unstable,https://bidb.fysik.dtu.dk/material/2HfBr2-1-2-1_0_0_1-0.5_-0.54,No,,0.751,,,Yes,p2/m11,14,12,Hf2Br4-69aac3df8db3,2,2,,HfBr2,AB2,original24,11.225,22.102,1,0,0,1,0,1.0,0.5,0.840205097,2HfBr2-1-2-1_0_0_1-0.5_-0.54,0,Hf2Br4-69aac3df8db3,-0.54
Hf2Br4-69aac3df8db3-2-1_0_0_1-0.5_-0.55,Hf2Br4-69aac3df8db3,2.88,Hf4Br8,16.594,Stable,https://bidb.fysik.dtu.dk/material/2HfBr2-1-2-1_0_0_1-0.5_-0.55,No,,0.754,,,Yes,p2/m11,14,12,Hf2Br4-69aac3df8db3,2,2,,HfBr2,AB2,original24,11.222,22.102,1,0,0,1,0,1.0,0.5,0.840205097,2HfBr2-1-2-1_0_0_1-0.5_-0.55,1,Hf2Br4-69aac3df8db3,-0.55
Hf2Br4-69aac3df8db3-2-1_0_0_1-0.5_0.11,Hf2Br4-69aac3df8db3,3.062,Hf4Br8,14.513,Unstable,https://bidb.fysik.dtu.dk/material/2HfBr2-1-2-1_0_0_1-0.5_0.11,No,,0.739,,,Yes,p2/m11,14,12,Hf2Br4-69aac3df8db3,2,2,,HfBr2,AB2,original24,11.404,22.102,1,0,0,1,0,1.0,0.5,0.840205097,2HfBr2-1-2-1_0_0_1-0.5_0.11,0,Hf2Br4-69aac3df8db3,0.11
Hf2Br4-69aac3df8db3-2-1_0_0_1-0.5_0.38,Hf2Br4-69aac3df8db3,2.905,Hf4Br8,16.44,Unstable,https://bidb.fysik.dtu.dk/material/2HfBr2-1-2-1_0_0_1-0.5_0.38,No,,0.76,,,Yes,p2/m11,14,12,Hf2Br4-69aac3df8db3,2,2,,HfBr2,AB2,original24,11.247,22.102,1,0,0,1,0,1.0,0.5,0.840205097,2HfBr2-1-2-1_0_0_1-0.5_0.38,0,Hf2Br4-69aac3df8db3,0.38
Hf2Br4-69aac3df8db3-2-1_0_0_1-0.5_0,Hf2Br4-69aac3df8db3,3.426,Hf4Br8,11.858,Unverified,https://bidb.fysik.dtu.dk/material/2HfBr2-1-2-1_0_0_1-0.5_0,No,,0.748,,,Yes,p2/m11,14,12,Hf2Br4-69aac3df8db3,2,2,,HfBr2,AB2,original24,11.768,22.102,1,0,0,1,0,1.0,0.5,0.840205097,2HfBr2-1-2-1_0_0_1-0.5_0,2,Hf2Br4-69aac3df8db3,0.0
Hf2Br4-69aac3df8db3-2-1_0_0_1-0_-0.27,Hf2Br4-69aac3df8db3,3.168,Hf4Br8,13.875,Unstable,https://bidb.fysik.dtu.dk/material/2HfBr2-1-2-1_0_0_1-0_-0.27,No,,0.745,,,Yes,p2_1/m11,15,12,Hf2Br4-69aac3df8db3,2,2,,HfBr2,AB2,original24,11.511,22.102,1,0,0,1,0,1.0,0.0,0.840205097,2HfBr2-1-2-1_0_0_1-0_-0.27,0,Hf2Br4-69aac3df8db3,-0.27
Hf2Br4-69aac3df8db3-2-1_0_0_1-0_-0.38,Hf2Br4-69aac3df8db3,2.983,Hf4Br8,15.603,Unstable,https://bidb.fysik.dtu.dk/material/2HfBr2-1-2-1_0_0_1-0_-0.38,No,,0.736,,,Yes,p2_1/m11,15,12,Hf2Br4-69aac3df8db3,2,2,,HfBr2,AB2,original24,11.326,22.102,1,0,0,1,0,1.0,0.0,0.840205097,2HfBr2-1-2-1_0_0_1-0_-0.38,0,Hf2Br4-69aac3df8db3,-0.38
Hf2Br4-69aac3df8db3-2-1_0_0_1-0_-0.42,Hf2Br4-69aac3df8db3,2.978,Hf4Br8,15.753,Stable,https://bidb.fysik.dtu.dk/material/2HfBr2-1-2-1_0_0_1-0_-0.42,No,,0.736,,,Yes,p2_1/m11,15,12,Hf2Br4-69aac3df8db3,2,2,,HfBr2,AB2,original24,11.321,22.102,1,0,0,1,0,1.0,0.0,0.840205097,2HfBr2-1-2-1_0_0_1-0_-0.42,1,Hf2Br4-69aac3df8db3,-0.42
Hf2Br4-69aac3df8db3-2-1_0_0_1-0_-0.62,Hf2Br4-69aac3df8db3,3.213,Hf4Br8,13.867,Unstable,https://bidb.fysik.dtu.dk/material/2HfBr2-1-2-1_0_0_1-0_-0.62,No,,0.754,,,Yes,p2_1/m11,15,12,Hf2Br4-69aac3df8db3,2,2,,HfBr2,AB2,original24,11.555,22.102,1,0,0,1,0,1.0,0.0,0.840205097,2HfBr2-1-2-1_0_0_1-0_-0.62,0,Hf2Br4-69aac3df8db3,-0.62
Hf2Br4-69aac3df8db3-2-1_0_0_1-0_0.27,Hf2Br4-69aac3df8db3,3.185,Hf4Br8,14.077,Unstable,https://bidb.fysik.dtu.dk/material/2HfBr2-1-2-1_0_0_1-0_0.27,No,,0.736,,,Yes,p2_1/m11,15,12,Hf2Br4-69aac3df8db3,2,2,,HfBr2,AB2,original24,11.527,22.102,1,0,0,1,0,1.0,0.0,0.840205097,2HfBr2-1-2-1_0_0_1-0_0.27,0,Hf2Br4-69aac3df8db3,0.27
Hf2Br4-69aac3df8db3-2-1_0_0_1-0_0.5,Hf2Br4-69aac3df8db3,3.078,Hf4Br8,14.98,Unstable,https://bidb.fysik.dtu.dk/material/2HfBr2-1-2-1_0_0_1-0_0.5,No,,0.743,,,Yes,p2_1/m11,15,12,Hf2Br4-69aac3df8db3,2,2,,HfBr2,AB2,original24,11.421,22.102,1,0,0,1,0,1.0,0.0,0.840205097,2HfBr2-1-2-1_0_0_1-0_0.5,0,Hf2Br4-69aac3df8db3,0.5
Hf2Br4-69aac3df8db3-2-1_0_0_1-0_0,Hf2Br4-69aac3df8db3,3.095,Hf4Br8,14.245,Unstable,https://bidb.fysik.dtu.dk/material/2HfBr2-1-2-1_0_0_1-0_0,No,,0.745,,,Yes,p2_1/m11,15,12,Hf2Br4-69aac3df8db3,2,2,,HfBr2,AB2,original24,11.438,22.102,1,0,0,1,0,1.0,0.0,0.840205097,2HfBr2-1-2-1_0_0_1-0_0,0,Hf2Br4-69aac3df8db3,0.0
Hf2Cl4-ddc64205f942-2--1_0_0_-1--0.5_-0.5,Hf2Cl4-ddc64205f942,3.414,Hf4Cl8,12.616,Unverified,https://bidb.fysik.dtu.dk/material/2HfCl2-1-2--1_0_0_-1--0.5_-0.5,No,,,,,No,pm2m,27,12,Hf2Cl4-ddc64205f942,2,2,,HfCl2,AB2,original24,11.177,20.201,-1,0,0,-1,0,1.0,-0.5,0.852309937,2HfCl2-1-2--1_0_0_-1--0.5_-0.5,2,Hf2Cl4-ddc64205f942,-0.5
Hf2Cl4-ddc64205f942-2--1_0_0_-1--0.5_-0.78,Hf2Cl4-ddc64205f942,2.871,Hf4Cl8,14.559,Unstable,https://bidb.fysik.dtu.dk/material/2HfCl2-1-2--1_0_0_-1--0.5_-0.78,No,,0.786,,,No,pm11,11,12,Hf2Cl4-ddc64205f942,2,2,,HfCl2,AB2,original24,10.634,20.201,-1,0,0,-1,0,1.0,-0.5,0.852309937,2HfCl2-1-2--1_0_0_-1--0.5_-0.78,0,Hf2Cl4-ddc64205f942,-0.78
Hf2Cl4-ddc64205f942-2--1_0_0_-1--0.5_-0.88,Hf2Cl4-ddc64205f942,2.731,Hf4Cl8,15.949,Stable,https://bidb.fysik.dtu.dk/material/2HfCl2-1-2--1_0_0_-1--0.5_-0.88,No,,0.778,,,No,pm11,11,12,Hf2Cl4-ddc64205f942,2,2,,HfCl2,AB2,original24,10.494,20.201,-1,0,0,-1,0,1.0,-0.5,0.852309937,2HfCl2-1-2--1_0_0_-1--0.5_-0.88,1,Hf2Cl4-ddc64205f942,-0.88
Hf2Cl4-ddc64205f942-2--1_0_0_-1-0.5_0,Hf2Cl4-ddc64205f942,2.78,Hf4Cl8,15.642,Unstable,https://bidb.fysik.dtu.dk/material/2HfCl2-1-2--1_0_0_-1-0.5_0,No,,0.781,,,No,pm2_1b,28,12,Hf2Cl4-ddc64205f942,2,2,,HfCl2,AB2,original24,10.543,20.201,-1,0,0,-1,0,1.0,0.5,0.852309937,2HfCl2-1-2--1_0_0_-1-0.5_0,0,Hf2Cl4-ddc64205f942,0.0
Hf2Cl4-ddc64205f942-2--1_0_0_-1-0_-0.24,Hf2Cl4-ddc64205f942,2.81,Hf4Cl8,15.212,Stable,https://bidb.fysik.dtu.dk/material/2HfCl2-1-2--1_0_0_-1-0_-0.24,No,,0.794,,,No,pm11,11,12,Hf2Cl4-ddc64205f942,2,2,,HfCl2,AB2,original24,10.574,20.201,-1,0,0,-1,0,1.0,0.0,0.852309937,2HfCl2-1-2--1_0_0_-1-0_-0.24,1,Hf2Cl4-ddc64205f942,-0.24
Hf2Cl4-ddc64205f942-2--1_0_0_-1-0_-0.27,Hf2Cl4-ddc64205f942,2.812,Hf4Cl8,15.12,Unstable,https://bidb.fysik.dtu.dk/material/2HfCl2-1-2--1_0_0_-1-0_-0.27,No,,0.792,,,No,pm11,11,12,Hf2Cl4-ddc64205f942,2,2,,HfCl2,AB2,original24,10.575,20.201,-1,0,0,-1,0,1.0,0.0,0.852309937,2HfCl2-1-2--1_0_0_-1-0_-0.27,0,Hf2Cl4-ddc64205f942,-0.27
Hf2Cl4-ddc64205f942-2--1_0_0_-1-0_-0.62,Hf2Cl4-ddc64205f942,2.978,Hf4Cl8,13.577,Unstable,https://bidb.fysik.dtu.dk/material/2HfCl2-1-2--1_0_0_-1-0_-0.62,No,,0.778,,,No,pm11,11,12,Hf2Cl4-ddc64205f942,2,2,,HfCl2,AB2,original24,10.742,20.201,-1,0,0,-1,0,1.0,0.0,0.852309937,2HfCl2-1-2--1_0_0_-1-0_-0.62,0,Hf2Cl4-ddc64205f942,-0.62
Hf2Cl4-ddc64205f942-2--1_0_0_-1-0_-0.9,Hf2Cl4-ddc64205f942,3.011,Hf4Cl8,13.781,Unstable,https://bidb.fysik.dtu.dk/material/2HfCl2-1-2--1_0_0_-1-0_-0.9,No,,0.772,,,No,pm11,11,12,Hf2Cl4-ddc64205f942,2,2,,HfCl2,AB2,original24,10.774,20.201,-1,0,0,-1,0,1.0,0.0,0.852309937,2HfCl2-1-2--1_0_0_-1-0_-0.9,0,Hf2Cl4-ddc64205f942,-0.9
Hf2Cl4-ddc64205f942-2--1_0_0_-1-0_0.5,Hf2Cl4-ddc64205f942,3.091,Hf4Cl8,12.712,Unverified,https://bidb.fysik.dtu.dk/material/2HfCl2-1-2--1_0_0_-1-0_0.5,No,,0.776,,,No,pm2a,31,12,Hf2Cl4-ddc64205f942,2,2,,HfCl2,AB2,original24,10.855,20.201,-1,0,0,-1,0,1.0,0.0,0.852309937,2HfCl2-1-2--1_0_0_-1-0_0.5,2,Hf2Cl4-ddc64205f942,0.5
Hf2Cl4-ddc64205f942-2-1_0_0_1--0.5_-0.12,Hf2Cl4-ddc64205f942,3.398,Hf4Cl8,10.603,Unverified,https://bidb.fysik.dtu.dk/material/2HfCl2-1-2-1_0_0_1--0.5_-0.12,No,,0.79,,,Yes,p2/m11,14,12,Hf2Cl4-ddc64205f942,2,2,,HfCl2,AB2,original24,11.161,20.201,1,0,0,1,0,1.0,-0.5,0.852309937,2HfCl2-1-2-1_0_0_1--0.5_-0.12,2,Hf2Cl4-ddc64205f942,-0.12
Hf2Cl4-ddc64205f942-2-1_0_0_1--0.5_-0.4,Hf2Cl4-ddc64205f942,2.984,Hf4Cl8,13.698,Unstable,https://bidb.fysik.dtu.dk/material/2HfCl2-1-2-1_0_0_1--0.5_-0.4,No,,0.766,,,Yes,p2/m11,14,12,Hf2Cl4-ddc64205f942,2,2,,HfCl2,AB2,original24,10.747,20.201,1,0,0,1,0,1.0,-0.5,0.852309937,2HfCl2-1-2-1_0_0_1--0.5_-0.4,0,Hf2Cl4-ddc64205f942,-0.4
Hf2Cl4-ddc64205f942-2-1_0_0_1--0.5_-0.77,Hf2Cl4-ddc64205f942,2.737,Hf4Cl8,15.88,Stable,https://bidb.fysik.dtu.dk/material/2HfCl2-1-2-1_0_0_1--0.5_-0.77,No,,0.778,,,Yes,p2/m11,14,12,Hf2Cl4-ddc64205f942,2,2,,HfCl2,AB2,original24,10.5,20.201,1,0,0,1,0,1.0,-0.5,0.852309937,2HfCl2-1-2-1_0_0_1--0.5_-0.77,1,Hf2Cl4-ddc64205f942,-0.77
Hf2Cl4-ddc64205f942-2-1_0_0_1-0.5_-0.23,Hf2Cl4-ddc64205f942,3.366,Hf4Cl8,10.872,Unverified,https://bidb.fysik.dtu.dk/material/2HfCl2-1-2-1_0_0_1-0.5_-0.23,No,,0.784,,,Yes,p2/m11,14,12,Hf2Cl4-ddc64205f942,2,2,,HfCl2,AB2,original24,11.129,20.201,1,0,0,1,0,1.0,0.5,0.852309937,2HfCl2-1-2-1_0_0_1-0.5_-0.23,2,Hf2Cl4-ddc64205f942,-0.23
Hf2Cl4-ddc64205f942-2-1_0_0_1-0.5_-0.51,Hf2Cl4-ddc64205f942,2.742,Hf4Cl8,15.767,Unstable,https://bidb.fysik.dtu.dk/material/2HfCl2-1-2-1_0_0_1-0.5_-0.51,No,,0.782,,,Yes,p2/m11,14,12,Hf2Cl4-ddc64205f942,2,2,,HfCl2,AB2,original24,10.505,20.201,1,0,0,1,0,1.0,0.5,0.852309937,2HfCl2-1-2-1_0_0_1-0.5_-0.51,0,Hf2Cl4-ddc64205f942,-0.51
Hf2Cl4-ddc64205f942-2-1_0_0_1-0.5_-0.53,Hf2Cl4-ddc64205f942,2.742,Hf4Cl8,15.874,Unstable,https://bidb.fysik.dtu.dk/material/2HfCl2-1-2-1_0_0_1-0.5_-0.53,No,,0.79,,,Yes,p2/m11,14,12,Hf2Cl4-ddc64205f942,2,2,,HfCl2,AB2,original24,10.505,20.201,1,0,0,1,0,1.0,0.5,0.852309937,2HfCl2-1-2-1_0_0_1-0.5_-0.53,0,Hf2Cl4-ddc64205f942,-0.53
Hf2Cl4-ddc64205f942-2-1_0_0_1-0.5_-0.54,Hf2Cl4-ddc64205f942,2.741,Hf4Cl8,15.878,Stable,https://bidb.fysik.dtu.dk/material/2HfCl2-1-2-1_0_0_1-0.5_-0.54,No,,0.792,,,Yes,p2/m11,14,12,Hf2Cl4-ddc64205f942,2,2,,HfCl2,AB2,original24,10.505,20.201,1,0,0,1,0,1.0,0.5,0.852309937,2HfCl2-1-2-1_0_0_1-0.5_-0.54,1,Hf2Cl4-ddc64205f942,-0.54
Hf2Cl4-ddc64205f942-2-1_0_0_1-0.5_0.12,Hf2Cl4-ddc64205f942,2.887,Hf4Cl8,14.361,Unstable,https://bidb.fysik.dtu.dk/material/2HfCl2-1-2-1_0_0_1-0.5_0.12,No,,0.773,,,Yes,p2/m11,14,12,Hf2Cl4-ddc64205f942,2,2,,HfCl2,AB2,original24,10.65,20.201,1,0,0,1,0,1.0,0.5,0.852309937,2HfCl2-1-2-1_0_0_1-0.5_0.12,0,Hf2Cl4-ddc64205f942,0.12
Hf2Cl4-ddc64205f942-2-1_0_0_1-0.5_0,Hf2Cl4-ddc64205f942,3.237,Hf4Cl8,11.713,Unverified,https://bidb.fysik.dtu.dk/material/2HfCl2-1-2-1_0_0_1-0.5_0,No,,0.782,,,Yes,p2/m11,14,12,Hf2Cl4-ddc64205f942,2,2,,HfCl2,AB2,original24,11.0,20.201,1,0,0,1,0,1.0,0.5,0.852309937,2HfCl2-1-2-1_0_0_1-0.5_0,2,Hf2Cl4-ddc64205f942,0.0
Hf2Cl4-ddc64205f942-2-1_0_0_1-0_-0.28,Hf2Cl4-ddc64205f942,2.978,Hf4Cl8,13.65,Unstable,https://bidb.fysik.dtu.dk/material/2HfCl2-1-2-1_0_0_1-0_-0.28,No,,0.782,,,Yes,p2_1/m11,15,12,Hf2Cl4-ddc64205f942,2,2,,HfCl2,AB2,original24,10.742,20.201,1,0,0,1,0,1.0,0.0,0.852309937,2HfCl2-1-2-1_0_0_1-0_-0.28,0,Hf2Cl4-ddc64205f942,-0.28
Hf2Cl4-ddc64205f942-2-1_0_0_1-0_-0.41,Hf2Cl4-ddc64205f942,2.828,Hf4Cl8,15.137,Stable,https://bidb.fysik.dtu.dk/material/2HfCl2-1-2-1_0_0_1-0_-0.41,No,,0.774,,,Yes,p2_1/m11,15,12,Hf2Cl4-ddc64205f942,2,2,,HfCl2,AB2,original24,10.591,20.201,1,0,0,1,0,1.0,0.0,0.852309937,2HfCl2-1-2-1_0_0_1-0_-0.41,1,Hf2Cl4-ddc64205f942,-0.41
Hf2Cl4-ddc64205f942-2-1_0_0_1-0_-0.63,Hf2Cl4-ddc64205f942,3.065,Hf4Cl8,13.347,Unstable,https://bidb.fysik.dtu.dk/material/2HfCl2-1-2-1_0_0_1-0_-0.63,No,,0.795,,,Yes,p2_1/m11,15,12,Hf2Cl4-ddc64205f942,2,2,,HfCl2,AB2,original24,10.828,20.201,1,0,0,1,0,1.0,0.0,0.852309937,2HfCl2-1-2-1_0_0_1-0_-0.63,0,Hf2Cl4-ddc64205f942,-0.63
Hf2Cl4-ddc64205f942-2-1_0_0_1-0_0.5,Hf2Cl4-ddc64205f942,2.935,Hf4Cl8,14.351,Unstable,https://bidb.fysik.dtu.dk/material/2HfCl2-1-2-1_0_0_1-0_0.5,No,,0.78,,,Yes,p2_1/m11,15,12,Hf2Cl4-ddc64205f942,2,2,,HfCl2,AB2,original24,10.699,20.201,1,0,0,1,0,1.0,0.0,0.852309937,2HfCl2-1-2-1_0_0_1-0_0.5,0,Hf2Cl4-ddc64205f942,0.5
Hf2Cl4-ddc64205f942-2-1_0_0_1-0_0.59,Hf2Cl4-ddc64205f942,2.828,Hf4Cl8,15.137,Stable,https://bidb.fysik.dtu.dk/material/2HfCl2-1-2-1_0_0_1-0_0.59,No,,0.774,,,Yes,p2_1/m11,15,12,Hf2Cl4-ddc64205f942,2,2,,HfCl2,AB2,original24,10.591,20.201,1,0,0,1,0,1.0,0.0,0.852309937,2HfCl2-1-2-1_0_0_1-0_0.59,1,Hf2Cl4-ddc64205f942,0.59
Hf2Cl4-ddc64205f942-2-1_0_0_1-0_0,Hf2Cl4-ddc64205f942,2.919,Hf4Cl8,13.967,Unstable,https://bidb.fysik.dtu.dk/material/2HfCl2-1-2-1_0_0_1-0_0,No,,0.78,,,Yes,p2_1/m11,15,12,Hf2Cl4-ddc64205f942,2,2,,HfCl2,AB2,original24,10.683,20.201,1,0,0,1,0,1.0,0.0,0.852309937,2HfCl2-1-2-1_0_0_1-0_0,0,Hf2Cl4-ddc64205f942,0.0
Hf2Cl4-ddc64205f942-2-1_0_0_1-Iz-0.5_0.5,Hf2Cl4-ddc64205f942,3.075,Hf4Cl8,13.27,Unstable,https://bidb.fysik.dtu.dk/material/2HfCl2-1-2-1_0_0_1-Iz-0.5_0.5,No,,0.769,,,No,pm2_1n,32,12,Hf2Cl4-ddc64205f942,2,2,,HfCl2,AB2,original24,10.839,20.201,1,0,0,1,1,-1.0,0.5,0.852309937,2HfCl2-1-2-1_0_0_1-Iz-0.5_0.5,0,Hf2Cl4-ddc64205f942,0.5
Mo2Te4-f99d8d7ed8f1-2--1_0_0_-1--0.5_-0.01,Mo2Te4-f99d8d7ed8f1,2.904,Mo4Te8,26.867,Unstable,https://bidb.fysik.dtu.dk/material/2MoTe2-1-2--1_0_0_-1--0.5_-0.01,No,,0.0,2310356.0,,No,pm11,11,12,Mo2Te4-f99d8d7ed8f1,2,2,,MoTe2,AB2,original24,11.158,21.981,-1,0,0,-1,0,1.0,-0.5,0.0,2MoTe2-1-2--1_0_0_-1--0.5_-0.01,0,Mo2Te4-f99d8d7ed8f1,-0.01
Mo2Te4-f99d8d7ed8f1-2--1_0_0_-1--0.5_-0.02,Mo2Te4-f99d8d7ed8f1,2.904,Mo4Te8,26.866,Unstable,https://bidb.fysik.dtu.dk/material/2MoTe2-1-2--1_0_0_-1--0.5_-0.02,No,,0.0,2310356.0,,No,pm11,11,12,Mo2Te4-f99d8d7ed8f1,2,2,,MoTe2,AB2,original24,11.158,21.981,-1,0,0,-1,0,1.0,-0.5,0.0,2MoTe2-1-2--1_0_0_-1--0.5_-0.02,0,Mo2Te4-f99d8d7ed8f1,-0.02
Mo2Te4-f99d8d7ed8f1-2--1_0_0_-1--0.5_-0.03,Mo2Te4-f99d8d7ed8f1,2.899,Mo4Te8,26.865,Unstable,https://bidb.fysik.dtu.dk/material/2MoTe2-1-2--1_0_0_-1--0.5_-0.03,No,,0.0,2310356.0,,No,pm11,11,12,Mo2Te4-f99d8d7ed8f1,2,2,,MoTe2,AB2,original24,11.152,21.981,-1,0,0,-1,0,1.0,-0.5,0.0,2MoTe2-1-2--1_0_0_-1--0.5_-0.03,0,Mo2Te4-f99d8d7ed8f1,-0.03
Mo2Te4-f99d8d7ed8f1-2--1_0_0_-1--0.5_-0.04,Mo2Te4-f99d8d7ed8f1,2.889,Mo4Te8,26.862,Unstable,https://bidb.fysik.dtu.dk/material/2MoTe2-1-2--1_0_0_-1--0.5_-0.04,No,,0.0,2310356.0,,No,pm11,11,12,Mo2Te4-f99d8d7ed8f1,2,2,,MoTe2,AB2,original24,11.143,21.981,-1,0,0,-1,0,1.0,-0.5,0.0,2MoTe2-1-2--1_0_0_-1--0.5_-0.04,0,Mo2Te4-f99d8d7ed8f1,-0.04
Mo2Te4-f99d8d7ed8f1-2--1_0_0_-1--0.5_-0.06,Mo2Te4-f99d8d7ed8f1,2.889,Mo4Te8,26.848,Unstable,https://bidb.fysik.dtu.dk/material/2MoTe2-1-2--1_0_0_-1--0.5_-0.06,No,,0.0,2310356.0,,No,pm11,11,12,Mo2Te4-f99d8d7ed8f1,2,2,,MoTe2,AB2,original24,11.143,21.981,-1,0,0,-1,0,1.0,-0.5,0.0,2MoTe2-1-2--1_0_0_-1--0.5_-0.06,0,Mo2Te4-f99d8d7ed8f1,-0.06
Mo2Te4-f99d8d7ed8f1-2--1_0_0_-1--0.5_-0.08,Mo2Te4-f99d8d7ed8f1,2.874,Mo4Te8,26.798,Unstable,https://bidb.fysik.dtu.dk/material/2MoTe2-1-2--1_0_0_-1--0.5_-0.08,No,,0.0,2310356.0,,No,pm11,11,12,Mo2Te4-f99d8d7ed8f1,2,2,,MoTe2,AB2,original24,11.128,21.981,-1,0,0,-1,0,1.0,-0.5,0.0,2MoTe2-1-2--1_0_0_-1--0.5_-0.08,0,Mo2Te4-f99d8d7ed8f1,-0.08
Mo2Te4-f99d8d7ed8f1-2--1_0_0_-1--0.5_-0.11,Mo2Te4-f99d8d7ed8f1,2.878,Mo4Te8,26.519,Unstable,https://bidb.fysik.dtu.dk/material/2MoTe2-1-2--1_0_0_-1--0.5_-0.11,No,,0.0,2310356.0,,No,pm11,11,12,Mo2Te4-f99d8d7ed8f1,2,2,,MoTe2,AB2,original24,11.131,21.981,-1,0,0,-1,0,1.0,-0.5,0.0,2MoTe2-1-2--1_0_0_-1--0.5_-0.11,0,Mo2Te4-f99d8d7ed8f1,-0.11
Mo2Te4-f99d8d7ed8f1-2--1_0_0_-1--0.5_-0.76,Mo2Te4-f99d8d7ed8f1,3.239,Mo4Te8,21.412,Unverified,https://bidb.fysik.dtu.dk/material/2MoTe2-1-2--1_0_0_-1--0.5_-0.76,No,,0.0,2310356.0,,No,pm11,11,12,Mo2Te4-f99d8d7ed8f1,2,2,,MoTe2,AB2,original24,11.493,21.981,-1,0,0,-1,0,1.0,-0.5,0.0,2MoTe2-1-2--1_0_0_-1--0.5_-0.76,2,Mo2Te4-f99d8d7ed8f1,-0.76
Mo2Te4-f99d8d7ed8f1-2--1_0_0_-1--0.5_0,Mo2Te4-f99d8d7ed8f1,2.904,Mo4Te8,26.867,Stable,https://bidb.fysik.dtu.dk/material/2MoTe2-1-2--1_0_0_-1--0.5_0,No,,0.0,2310356.0,,No,pm2_1b,28,12,Mo2Te4-f99d8d7ed8f1,2,2,,MoTe2,AB2,original24,11.158,21.981,-1,0,0,-1,0,1.0,-0.5,0.0,2MoTe2-1-2--1_0_0_-1--0.5_0,1,Mo2Te4-f99d8d7ed8f1,0.0
Mo2Te4-f99d8d7ed8f1-2--1_0_0_-1-0.5_0,Mo2Te4-f99d8d7ed8f1,2.905,Mo4Te8,26.867,Stable,https://bidb.fysik.dtu.dk/material/2MoTe2-1-2--1_0_0_-1-0.5_0,No,,0.0,2310356.0,,No,pm2_1b,28,12,Mo2Te4-f99d8d7ed8f1,2,2,,MoTe2,AB2,original24,11.159,21.981,-1,0,0,-1,0,1.0,0.5,0.0,2MoTe2-1-2--1_0_0_-1-0.5_0,1,Mo2Te4-f99d8d7ed8f1,0.0
Mo2Te4-f99d8d7ed8f1-2--1_0_0_-1-0_-0.01,Mo2Te4-f99d8d7ed8f1,3.473,Mo4Te8,19.772,Unverified,https://bidb.fysik.dtu.dk/material/2MoTe2-1-2--1_0_0_-1-0_-0.01,No,,0.0,2310356.0,,No,pm2_1n,32,12,Mo2Te4-f99d8d7ed8f1,2,2,,MoTe2,AB2,original24,11.727,21.981,-1,0,0,-1,0,1.0,0.0,0.0,2MoTe2-1-2--1_0_0_-1-0_-0.01,2,Mo2Te4-f99d8d7ed8f1,-0.01
Mo2Te4-f99d8d7ed8f1-2--1_0_0_-1-0_-0.25,Mo2Te4-f99d8d7ed8f1,3.089,Mo4Te8,23.362,Unverified,https://bidb.fysik.dtu.dk/material/2MoTe2-1-2--1_0_0_-1-0_-0.25,No,,0.0,2310356.0,,No,pm11,11,12,Mo2Te4-f99d8d7ed8f1,2,2,,MoTe2,AB2,original24,11.343,21.981,-1,0,0,-1,0,1.0,0.0,0.0,2MoTe2-1-2--1_0_0_-1-0_-0.25,2,Mo2Te4-f99d8d7ed8f1,-0.25
Mo2Te4-f99d8d7ed8f1-2--1_0_0_-1-0_-0.6,Mo2Te4-f99d8d7ed8f1,3.217,Mo4Te8,21.015,Unverified,https://bidb.fysik.dtu.dk/material/2MoTe2-1-2--1_0_0_-1-0_-0.6,No,,0.0,2310356.0,,No,pm11,11,12,Mo2Te4-f99d8d7ed8f1,2,2,,MoTe2,AB2,original24,11.471,21.981,-1,0,0,-1,0,1.0,0.0,0.0,2MoTe2-1-2--1_0_0_-1-0_-0.6,2,Mo2Te4-f99d8d7ed8f1,-0.6
Mo2Te4-f99d8d7ed8f1-2--1_0_0_-1-0_-0.86,Mo2Te4-f99d8d7ed8f1,3.323,Mo4Te8,21.482,Unverified,https://bidb.fysik.dtu.dk/material/2MoTe2-1-2--1_0_0_-1-0_-0.86,No,,0.0,2310356.0,,No,pm11,11,12,Mo2Te4-f99d8d7ed8f1,2,2,,MoTe2,AB2,original24,11.577,21.981,-1,0,0,-1,0,1.0,0.0,0.0,2MoTe2-1-2--1_0_0_-1-0_-0.86,2,Mo2Te4-f99d8d7ed8f1,-0.86
Mo2Te4-f99d8d7ed8f1-2--1_0_0_-1-0_0.5,Mo2Te4-f99d8d7ed8f1,3.329,Mo4Te8,19.7,Unverified,https://bidb.fysik.dtu.dk/material/2MoTe2-1-2--1_0_0_-1-0_0.5,No,,0.0,2310356.0,,No,pm2a,31,12,Mo2Te4-f99d8d7ed8f1,2,2,,MoTe2,AB2,original24,11.582,21.981,-1,0,0,-1,0,1.0,0.0,0.0,2MoTe2-1-2--1_0_0_-1-0_0.5,2,Mo2Te4-f99d8d7ed8f1,0.5
Mo2Te4-f99d8d7ed8f1-2-1_0_0_1--0.5_-0.36,Mo2Te4-f99d8d7ed8f1,3.479,Mo4Te8,18.472,Unverified,https://bidb.fysik.dtu.dk/material/2MoTe2-1-2-1_0_0_1--0.5_-0.36,No,,0.0,2310356.0,,Yes,p2/m11,14,12,Mo2Te4-f99d8d7ed8f1,2,2,,MoTe2,AB2,original24,11.733,21.981,1,0,0,1,0,1.0,-0.5,0.0,2MoTe2-1-2-1_0_0_1--0.5_-0.36,2,Mo2Te4-f99d8d7ed8f1,-0.36
Mo2Te4-f99d8d7ed8f1-2-1_0_0_1--0.5_-0.74,Mo2Te4-f99d8d7ed8f1,2.965,Mo4Te8,25.984,Stable,https://bidb.fysik.dtu.dk/material/2MoTe2-1-2-1_0_0_1--0.5_-0.74,No,,0.0,2310356.0,,Yes,p2/m11,14,12,Mo2Te4-f99d8d7ed8f1,2,2,,MoTe2,AB2,original24,11.219,21.981,1,0,0,1,0,1.0,-0.5,0.0,2MoTe2-1-2-1_0_0_1--0.5_-0.74,1,Mo2Te4-f99d8d7ed8f1,-0.74
Mo2Te4-f99d8d7ed8f1-2-1_0_0_1--0.5_-0.75,Mo2Te4-f99d8d7ed8f1,2.967,Mo4Te8,25.965,Unstable,https://bidb.fysik.dtu.dk/material/2MoTe2-1-2-1_0_0_1--0.5_-0.75,No,,0.0,2310356.0,,Yes,p2/m11,14,12,Mo2Te4-f99d8d7ed8f1,2,2,,MoTe2,AB2,original24,11.22,21.981,1,0,0,1,0,1.0,-0.5,0.0,2MoTe2-1-2-1_0_0_1--0.5_-0.75,0,Mo2Te4-f99d8d7ed8f1,-0.75
Mo2Te4-f99d8d7ed8f1-2-1_0_0_1-0.5_-0.51,Mo2Te4-f99d8d7ed8f1,2.994,Mo4Te8,24.591,Unstable,https://bidb.fysik.dtu.dk/material/2MoTe2-1-2-1_0_0_1-0.5_-0.51,No,,0.0,2310356.0,,Yes,p2/m11,14,12,Mo2Te4-f99d8d7ed8f1,2,2,,MoTe2,AB2,original24,11.248,21.981,1,0,0,1,0,1.0,0.5,0.0,2MoTe2-1-2-1_0_0_1-0.5_-0.51,0,Mo2Te4-f99d8d7ed8f1,-0.51
Mo2Te4-f99d8d7ed8f1-2-1_0_0_1-0.5_0.1,Mo2Te4-f99d8d7ed8f1,3.217,Mo4Te8,21.816,Unverified,https://bidb.fysik.dtu.dk/material/2MoTe2-1-2-1_0_0_1-0.5_0.1,No,,0.0,2310356.0,,Yes,p2/m11,14,12,Mo2Te4-f99d8d7ed8f1,2,2,,MoTe2,AB2,original24,11.471,21.981,1,0,0,1,0,1.0,0.5,0.0,2MoTe2-1-2-1_0_0_1-0.5_0.1,2,Mo2Te4-f99d8d7ed8f1,0.1
Mo2Te4-f99d8d7ed8f1-2-1_0_0_1-0.5_0.36,Mo2Te4-f99d8d7ed8f1,2.978,Mo4Te8,25.807,Unstable,https://bidb.fysik.dtu.dk/material/2MoTe2-1-2-1_0_0_1-0.5_0.36,No,,0.0,2310356.0,,Yes,p2/m11,14,12,Mo2Te4-f99d8d7ed8f1,2,2,,MoTe2,AB2,original24,11.232,21.981,1,0,0,1,0,1.0,0.5,0.0,2MoTe2-1-2-1_0_0_1-0.5_0.36,0,Mo2Te4-f99d8d7ed8f1,0.36
Mo2Te4-f99d8d7ed8f1-2-1_0_0_1-0_-0.26,Mo2Te4-f99d8d7ed8f1,3.234,Mo4Te8,21.084,Unverified,https://bidb.fysik.dtu.dk/material/2MoTe2-1-2-1_0_0_1-0_-0.26,No,,0.0,2310356.0,,Yes,p2_1/m11,15,12,Mo2Te4-f99d8d7ed8f1,2,2,,MoTe2,AB2,original24,11.488,21.981,1,0,0,1,0,1.0,0.0,0.0,2MoTe2-1-2-1_0_0_1-0_-0.26,2,Mo2Te4-f99d8d7ed8f1,-0.26
Mo2Te4-f99d8d7ed8f1-2-1_0_0_1-0_-0.39,Mo2Te4-f99d8d7ed8f1,3.061,Mo4Te8,24.002,Unstable,https://bidb.fysik.dtu.dk/material/2MoTe2-1-2-1_0_0_1-0_-0.39,No,,0.0,2310356.0,,Yes,p2_1/m11,15,12,Mo2Te4-f99d8d7ed8f1,2,2,,MoTe2,AB2,original24,11.315,21.981,1,0,0,1,0,1.0,0.0,0.0,2MoTe2-1-2-1_0_0_1-0_-0.39,0,Mo2Te4-f99d8d7ed8f1,-0.39
Mo2Te4-f99d8d7ed8f1-2-1_0_0_1-0_-0.41,Mo2Te4-f99d8d7ed8f1,3.068,Mo4Te8,24.057,Stable,https://bidb.fysik.dtu.dk/material/2MoTe2-1-2-1_0_0_1-0_-0.41,No,,0.0,2310356.0,,Yes,p2_1/m11,15,12,Mo2Te4-f99d8d7ed8f1,2,2,,MoTe2,AB2,original24,11.322,21.981,1,0,0,1,0,1.0,0.0,0.0,2MoTe2-1-2-1_0_0_1-0_-0.41,1,Mo2Te4-f99d8d7ed8f1,-0.41
Mo2Te4-f99d8d7ed8f1-2-1_0_0_1-0_-0.61,Mo2Te4-f99d8d7ed8f1,3.429,Mo4Te8,20.271,Unverified,https://bidb.fysik.dtu.dk/material/2MoTe2-1-2-1_0_0_1-0_-0.61,No,,0.0,2310356.0,,Yes,p2_1/m11,15,12,Mo2Te4-f99d8d7ed8f1,2,2,,MoTe2,AB2,original24,11.683,21.981,1,0,0,1,0,1.0,0.0,0.0,2MoTe2-1-2-1_0_0_1-0_-0.61,2,Mo2Te4-f99d8d7ed8f1,-0.61
Mo2Te4-f99d8d7ed8f1-2-1_0_0_1-0_0.26,Mo2Te4-f99d8d7ed8f1,3.418,Mo4Te8,20.339,Unverified,https://bidb.fysik.dtu.dk/material/2MoTe2-1-2-1_0_0_1-0_0.26,No,,0.0,2310356.0,,Yes,p2_1/m11,15,12,Mo2Te4-f99d8d7ed8f1,2,2,,MoTe2,AB2,original24,11.671,21.981,1,0,0,1,0,1.0,0.0,0.0,2MoTe2-1-2-1_0_0_1-0_0.26,2,Mo2Te4-f99d8d7ed8f1,0.26
Mo2Te4-f99d8d7ed8f1-2-1_0_0_1-0_0.5,Mo2Te4-f99d8d7ed8f1,3.234,Mo4Te8,22.591,Unverified,https://bidb.fysik.dtu.dk/material/2MoTe2-1-2-1_0_0_1-0_0.5,No,,0.0,2310356.0,,Yes,p2_1/m11,15,12,Mo2Te4-f99d8d7ed8f1,2,2,,MoTe2,AB2,original24,11.488,21.981,1,0,0,1,0,1.0,0.0,0.0,2MoTe2-1-2-1_0_0_1-0_0.5,2,Mo2Te4-f99d8d7ed8f1,0.5
Mo2Te4-f99d8d7ed8f1-2-1_0_0_1-0_0,Mo2Te4-f99d8d7ed8f1,3.167,Mo4Te8,21.567,Unverified,https://bidb.fysik.dtu.dk/material/2MoTe2-1-2-1_0_0_1-0_0,No,,0.0,2310356.0,,Yes,p2_1/m11,15,12,Mo2Te4-f99d8d7ed8f1,2,2,,MoTe2,AB2,original24,11.421,21.981,1,0,0,1,0,1.0,0.0,0.0,2MoTe2-1-2-1_0_0_1-0_0,2,Mo2Te4-f99d8d7ed8f1,0.0
Ti2Cl4-66087709613c-2--1_0_0_-1--0.5_-0.11,Ti2Cl4-66087709613c,2.811,Ti4Cl8,16.417,Stable,https://bidb.fysik.dtu.dk/material/2TiCl2-1-2--1_0_0_-1--0.5_-0.11,No,,0.258,9009121.0,,No,pm11,11,12,Ti2Cl4-66087709613c,2,2,,TiCl2,AB2,original24,9.865,19.216,-1,0,0,-1,0,1.0,-0.5,0.324577465,2TiCl2-1-2--1_0_0_-1--0.5_-0.11,1,Ti2Cl4-66087709613c,-0.11
Ti2Cl4-66087709613c-2--1_0_0_-1--0.5_-0.78,Ti2Cl4-66087709613c,2.918,Ti4Cl8,15.28,Unstable,https://bidb.fysik.dtu.dk/material/2TiCl2-1-2--1_0_0_-1--0.5_-0.78,No,,0.256,9009121.0,,No,pm11,11,12,Ti2Cl4-66087709613c,2,2,,TiCl2,AB2,original24,9.972,19.216,-1,0,0,-1,0,1.0,-0.5,0.324577465,2TiCl2-1-2--1_0_0_-1--0.5_-0.78,0,Ti2Cl4-66087709613c,-0.78
Ti2Cl4-66087709613c-2--1_0_0_-1-0.5_0,Ti2Cl4-66087709613c,2.842,Ti4Cl8,16.173,Unstable,https://bidb.fysik.dtu.dk/material/2TiCl2-1-2--1_0_0_-1-0.5_0,No,,0.263,9009121.0,,No,pm2_1b,28,12,Ti2Cl4-66087709613c,2,2,,TiCl2,AB2,original24,9.896,19.216,-1,0,0,-1,0,1.0,0.5,0.324577465,2TiCl2-1-2--1_0_0_-1-0.5_0,0,Ti2Cl4-66087709613c,0.0
Ti2Cl4-66087709613c-2--1_0_0_-1-0_-0.26,Ti2Cl4-66087709613c,2.877,Ti4Cl8,15.711,Stable,https://bidb.fysik.dtu.dk/material/2TiCl2-1-2--1_0_0_-1-0_-0.26,No,,0.259,9009121.0,,No,pm11,11,12,Ti2Cl4-66087709613c,2,2,,TiCl2,AB2,original24,9.931,19.216,-1,0,0,-1,0,1.0,0.0,0.324577465,2TiCl2-1-2--1_0_0_-1-0_-0.26,1,Ti2Cl4-66087709613c,-0.26
Ti2Cl4-66087709613c-2--1_0_0_-1-0_-0.28,Ti2Cl4-66087709613c,2.883,Ti4Cl8,15.665,Unstable,https://bidb.fysik.dtu.dk/material/2TiCl2-1-2--1_0_0_-1-0_-0.28,No,,0.257,9009121.0,,No,pm11,11,12,Ti2Cl4-66087709613c,2,2,,TiCl2,AB2,original24,9.936,19.216,-1,0,0,-1,0,1.0,0.0,0.324577465,2TiCl2-1-2--1_0_0_-1-0_-0.28,0,Ti2Cl4-66087709613c,-0.28
Ti2Cl4-66087709613c-2--1_0_0_-1-0_-0.61,Ti2Cl4-66087709613c,3.01,Ti4Cl8,14.425,Unstable,https://bidb.fysik.dtu.dk/material/2TiCl2-1-2--1_0_0_-1-0_-0.61,No,,0.258,9009121.0,,No,pm11,11,12,Ti2Cl4-66087709613c,2,2,,TiCl2,AB2,original24,10.064,19.216,-1,0,0,-1,0,1.0,0.0,0.324577465,2TiCl2-1-2--1_0_0_-1-0_-0.61,0,Ti2Cl4-66087709613c,-0.61
Ti2Cl4-66087709613c-2--1_0_0_-1-0_-0.89,Ti2Cl4-66087709613c,3.066,Ti4Cl8,14.3,Unstable,https://bidb.fysik.dtu.dk/material/2TiCl2-1-2--1_0_0_-1-0_-0.89,No,,0.259,9009121.0,,No,pm11,11,12,Ti2Cl4-66087709613c,2,2,,TiCl2,AB2,original24,10.12,19.216,-1,0,0,-1,0,1.0,0.0,0.324577465,2TiCl2-1-2--1_0_0_-1-0_-0.89,0,Ti2Cl4-66087709613c,-0.89
Ti2Cl4-66087709613c-2--1_0_0_-1-0_0.5,Ti2Cl4-66087709613c,3.087,Ti4Cl8,13.802,Unstable,https://bidb.fysik.dtu.dk/material/2TiCl2-1-2--1_0_0_-1-0_0.5,No,,0.259,9009121.0,,No,pm2a,31,12,Ti2Cl4-66087709613c,2,2,,TiCl2,AB2,original24,10.14,19.216,-1,0,0,-1,0,1.0,0.0,0.324577465,2TiCl2-1-2--1_0_0_-1-0_0.5,0,Ti2Cl4-66087709613c,0.5
Ti2Cl4-66087709613c-2--1_0_0_-1-0_0,Ti2Cl4-66087709613c,3.138,Ti4Cl8,13.753,Unstable,https://bidb.fysik.dtu.dk/material/2TiCl2-1-2--1_0_0_-1-0_0,No,,0.262,9009121.0,,No,pm2_1n,32,12,Ti2Cl4-66087709613c,2,2,,TiCl2,AB2,original24,10.191,19.216,-1,0,0,-1,0,1.0,0.0,0.324577465,2TiCl2-1-2--1_0_0_-1-0_0,0,Ti2Cl4-66087709613c,0.0
Ti2Cl4-66087709613c-2-1_0_0_1--0.5_-0.11,Ti2Cl4-66087709613c,3.367,Ti4Cl8,11.456,Unverified,https://bidb.fysik.dtu.dk/material/2TiCl2-1-2-1_0_0_1--0.5_-0.11,No,,0.256,9009121.0,,Yes,p2/m11,14,12,Ti2Cl4-66087709613c,2,2,,TiCl2,AB2,original24,10.421,19.216,1,0,0,1,0,1.0,-0.5,0.324577465,2TiCl2-1-2-1_0_0_1--0.5_-0.11,2,Ti2Cl4-66087709613c,-0.11
Ti2Cl4-66087709613c-2-1_0_0_1--0.5_-0.39,Ti2Cl4-66087709613c,3.082,Ti4Cl8,13.923,Unstable,https://bidb.fysik.dtu.dk/material/2TiCl2-1-2-1_0_0_1--0.5_-0.39,No,,0.255,9009121.0,,Yes,p2/m11,14,12,Ti2Cl4-66087709613c,2,2,,TiCl2,AB2,original24,10.135,19.216,1,0,0,1,0,1.0,-0.5,0.324577465,2TiCl2-1-2-1_0_0_1--0.5_-0.39,0,Ti2Cl4-66087709613c,-0.39
Ti2Cl4-66087709613c-2-1_0_0_1--0.5_-0.78,Ti2Cl4-66087709613c,2.822,Ti4Cl8,16.31,Stable,https://bidb.fysik.dtu.dk/material/2TiCl2-1-2-1_0_0_1--0.5_-0.78,No,,0.264,9009121.0,,Yes,p2/m11,14,12,Ti2Cl4-66087709613c,2,2,,TiCl2,AB2,original24,9.875,19.216,1,0,0,1,0,1.0,-0.5,0.324577465,2TiCl2-1-2-1_0_0_1--0.5_-0.78,1,Ti2Cl4-66087709613c,-0.78
Ti2Cl4-66087709613c-2-1_0_0_1-0.5_-0.5,Ti2Cl4-66087709613c,2.827,Ti4Cl8,16.149,Unstable,https://bidb.fysik.dtu.dk/material/2TiCl2-1-2-1_0_0_1-0.5_-0.5,No,,0.254,9009121.0,,Yes,p2/m11,14,12,Ti2Cl4-66087709613c,2,2,,TiCl2,AB2,original24,9.88,19.216,1,0,0,1,0,1.0,0.5,0.324577465,2TiCl2-1-2-1_0_0_1-0.5_-0.5,0,Ti2Cl4-66087709613c,-0.5
Ti2Cl4-66087709613c-2-1_0_0_1-0.5_-0.54,Ti2Cl4-66087709613c,2.81,Ti4Cl8,16.426,Unstable,https://bidb.fysik.dtu.dk/material/2TiCl2-1-2-1_0_0_1-0.5_-0.54,No,,0.257,9009121.0,,Yes,p2/m11,14,12,Ti2Cl4-66087709613c,2,2,,TiCl2,AB2,original24,9.864,19.216,1,0,0,1,0,1.0,0.5,0.324577465,2TiCl2-1-2-1_0_0_1-0.5_-0.54,0,Ti2Cl4-66087709613c,-0.54
Ti2Cl4-66087709613c-2-1_0_0_1-0.5_-0.55,Ti2Cl4-66087709613c,2.808,Ti4Cl8,16.44,Stable,https://bidb.fysik.dtu.dk/material/2TiCl2-1-2-1_0_0_1-0.5_-0.55,No,,0.258,9009121.0,,Yes,p2/m11,14,12,Ti2Cl4-66087709613c,2,2,,TiCl2,AB2,original24,9.861,19.216,1,0,0,1,0,1.0,0.5,0.324577465,2TiCl2-1-2-1_0_0_1-0.5_-0.55,1,Ti2Cl4-66087709613c,-0.55
Ti2Cl4-66087709613c-2-1_0_0_1-0.5_0.11,Ti2Cl4-66087709613c,2.934,Ti4Cl8,15.113,Unstable,https://bidb.fysik.dtu.dk/material/2TiCl2-1-2-1_0_0_1-0.5_0.11,No,,0.264,9009121.0,,Yes,p2/m11,14,12,Ti2Cl4-66087709613c,2,2,,TiCl2,AB2,original24,9.987,19.216,1,0,0,1,0,1.0,0.5,0.324577465,2TiCl2-1-2-1_0_0_1-0.5_0.11,0,Ti2Cl4-66087709613c,0.11
Ti2Cl4-66087709613c-2-1_0_0_1-0.5_0.39,Ti2Cl4-66087709613c,2.827,Ti4Cl8,16.306,Unstable,https://bidb.fysik.dtu.dk/material/2TiCl2-1-2-1_0_0_1-0.5_0.39,No,,0.258,9009121.0,,Yes,p2/m11,14,12,Ti2Cl4-66087709613c,2,2,,TiCl2,AB2,original24,9.88,19.216,1,0,0,1,0,1.0,0.5,0.324577465,2TiCl2-1-2-1_0_0_1-0.5_0.39,0,Ti2Cl4-66087709613c,0.39
Ti2Cl4-66087709613c-2-1_0_0_1-0.5_0,Ti2Cl4-66087709613c,3.209,Ti4Cl8,12.673,Unverified,https://bidb.fysik.dtu.dk/material/2TiCl2-1-2-1_0_0_1-0.5_0,No,,0.26,9009121.0,,Yes,p2/m11,14,12,Ti2Cl4-66087709613c,2,2,,TiCl2,AB2,original24,10.263,19.216,1,0,0,1,0,1.0,0.5,0.324577465,2TiCl2-1-2-1_0_0_1-0.5_0,2,Ti2Cl4-66087709613c,0.0
Ti2Cl4-66087709613c-2-1_0_0_1-0_-0.28,Ti2Cl4-66087709613c,3.01,Ti4Cl8,14.448,Unstable,https://bidb.fysik.dtu.dk/material/2TiCl2-1-2-1_0_0_1-0_-0.28,No,,0.256,9009121.0,,Yes,p2_1/m11,15,12,Ti2Cl4-66087709613c,2,2,,TiCl2,AB2,original24,10.064,19.216,1,0,0,1,0,1.0,0.0,0.324577465,2TiCl2-1-2-1_0_0_1-0_-0.28,0,Ti2Cl4-66087709613c,-0.28
Ti2Cl4-66087709613c-2-1_0_0_1-0_-0.39,Ti2Cl4-66087709613c,2.888,Ti4Cl8,15.624,Unstable,https://bidb.fysik.dtu.dk/material/2TiCl2-1-2-1_0_0_1-0_-0.39,No,,0.257,9009121.0,,Yes,p2_1/m11,15,12,Ti2Cl4-66087709613c,2,2,,TiCl2,AB2,original24,9.942,19.216,1,0,0,1,0,1.0,0.0,0.324577465,2TiCl2-1-2-1_0_0_1-0_-0.39,0,Ti2Cl4-66087709613c,-0.39
Ti2Cl4-66087709613c-2-1_0_0_1-0_-0.41,Ti2Cl4-66087709613c,2.889,Ti4Cl8,15.686,Stable,https://bidb.fysik.dtu.dk/material/2TiCl2-1-2-1_0_0_1-0_-0.41,No,,0.259,9009121.0,,Yes,p2_1/m11,15,12,Ti2Cl4-66087709613c,2,2,,TiCl2,AB2,original24,9.942,19.216,1,0,0,1,0,1.0,0.0,0.324577465,2TiCl2-1-2-1_0_0_1-0_-0.41,1,Ti2Cl4-66087709613c,-0.41
Ti2Cl4-66087709613c-2-1_0_0_1-0_-0.61,Ti2Cl4-66087709613c,3.112,Ti4Cl8,13.953,Unstable,https://bidb.fysik.dtu.dk/material/2TiCl2-1-2-1_0_0_1-0_-0.61,No,,0.258,9009121.0,,Yes,p2_1/m11,15,12,Ti2Cl4-66087709613c,2,2,,TiCl2,AB2,original24,10.166,19.216,1,0,0,1,0,1.0,0.0,0.324577465,2TiCl2-1-2-1_0_0_1-0_-0.61,0,Ti2Cl4-66087709613c,-0.61
Ti2Cl4-66087709613c-2-1_0_0_1-0_0.28,Ti2Cl4-66087709613c,3.122,Ti4Cl8,13.875,Unstable,https://bidb.fysik.dtu.dk/material/2TiCl2-1-2-1_0_0_1-0_0.28,No,,0.26,9009121.0,,Yes,p2_1/m11,15,12,Ti2Cl4-66087709613c,2,2,,TiCl2,AB2,original24,10.176,19.216,1,0,0,1,0,1.0,0.0,0.324577465,2TiCl2-1-2-1_0_0_1-0_0.28,0,Ti2Cl4-66087709613c,0.28
Ti2Cl4-66087709613c-2-1_0_0_1-0_0.5,Ti2Cl4-66087709613c,2.98,Ti4Cl8,15.003,Unstable,https://bidb.fysik.dtu.dk/material/2TiCl2-1-2-1_0_0_1-0_0.5,No,,0.257,9009121.0,,Yes,p2_1/m11,15,12,Ti2Cl4-66087709613c,2,2,,TiCl2,AB2,original24,10.033,19.216,1,0,0,1,0,1.0,0.0,0.324577465,2TiCl2-1-2-1_0_0_1-0_0.5,0,Ti2Cl4-66087709613c,0.5
Ti2Cl4-66087709613c-2-1_0_0_1-0_0,Ti2Cl4-66087709613c,2.924,Ti4Cl8,15.113,Unstable,https://bidb.fysik.dtu.dk/material/2TiCl2-1-2-1_0_0_1-0_0,No,,0.249,9009121.0,,Yes,p2_1/m11,15,12,Ti2Cl4-66087709613c,2,2,,TiCl2,AB2,original24,9.977,19.216,1,0,0,1,0,1.0,0.0,0.324577465,2TiCl2-1-2-1_0_0_1-0_0,0,Ti2Cl4-66087709613c,0.0
Ti2O4-312489eced4d-2--1_0_0_-1--0.5_-0.5,Ti2O4-312489eced4d,2.992,Ti4O8,17.998,Unverified,https://bidb.fysik.dtu.dk/material/2TiO2-1-2--1_0_0_-1--0.5_-0.5,No,,2.728,,,No,pm2m,27,12,Ti2O4-312489eced4d,2,2,,TiO2,AB2,original24,6.949,15.551,-1,0,0,-1,0,1.0,-0.5,2.854857825,2TiO2-1-2--1_0_0_-1--0.5_-0.5,2,Ti2O4-312489eced4d,-0.5
Ti2O4-312489eced4d-2--1_0_0_-1--0.5_-0.83,Ti2O4-312489eced4d,2.572,Ti4O8,25.244,Unstable,https://bidb.fysik.dtu.dk/material/2TiO2-1-2--1_0_0_-1--0.5_-0.83,No,,2.754,,,No,pm11,11,12,Ti2O4-312489eced4d,2,2,,TiO2,AB2,original24,6.529,15.551,-1,0,0,-1,0,1.0,-0.5,2.854857825,2TiO2-1-2--1_0_0_-1--0.5_-0.83,0,Ti2O4-312489eced4d,-0.83
Ti2O4-312489eced4d-2--1_0_0_-1--0.5_-0.85,Ti2O4-312489eced4d,2.572,Ti4O8,25.302,Stable,https://bidb.fysik.dtu.dk/material/2TiO2-1-2--1_0_0_-1--0.5_-0.85,No,,2.749,,,No,pm11,11,12,Ti2O4-312489eced4d,2,2,,TiO2,AB2,original24,6.529,15.551,-1,0,0,-1,0,1.0,-0.5,2.854857825,2TiO2-1-2--1_0_0_-1--0.5_-0.85,1,Ti2O4-312489eced4d,-0.85
Ti2O4-312489eced4d-2--1_0_0_-1-0.5_0,Ti2O4-312489eced4d,2.634,Ti4O8,24.392,Unstable,https://bidb.fysik.dtu.dk/material/2TiO2-1-2--1_0_0_-1-0.5_0,No,,2.762,,,No,pm2_1b,28,12,Ti2O4-312489eced4d,2,2,,TiO2,AB2,original24,6.592,15.551,-1,0,0,-1,0,1.0,0.5,2.854857825,2TiO2-1-2--1_0_0_-1-0.5_0,0,Ti2O4-312489eced4d,0.0
Ti2O4-312489eced4d-2--1_0_0_-1-0_-0.66,Ti2O4-312489eced4d,2.588,Ti4O8,24.699,Unstable,https://bidb.fysik.dtu.dk/material/2TiO2-1-2--1_0_0_-1-0_-0.66,No,,2.724,,,No,pm11,11,12,Ti2O4-312489eced4d,2,2,,TiO2,AB2,original24,6.545,15.551,-1,0,0,-1,0,1.0,0.0,2.854857825,2TiO2-1-2--1_0_0_-1-0_-0.66,0,Ti2O4-312489eced4d,-0.66
Ti2O4-312489eced4d-2--1_0_0_-1-0_-0.68,Ti2O4-312489eced4d,2.587,Ti4O8,24.755,Stable,https://bidb.fysik.dtu.dk/material/2TiO2-1-2--1_0_0_-1-0_-0.68,No,,2.741,,,No,pm11,11,12,Ti2O4-312489eced4d,2,2,,TiO2,AB2,original24,6.545,15.551,-1,0,0,-1,0,1.0,0.0,2.854857825,2TiO2-1-2--1_0_0_-1-0_-0.68,1,Ti2O4-312489eced4d,-0.68
Ti2O4-312489eced4d-2--1_0_0_-1-0_-0.99,Ti2O4-312489eced4d,2.961,Ti4O8,19.043,Unverified,https://bidb.fysik.dtu.dk/material/2TiO2-1-2--1_0_0_-1-0_-0.99,No,,2.775,,,No,pm11,11,12,Ti2O4-312489eced4d,2,2,,TiO2,AB2,original24,6.918,15.551,-1,0,0,-1,0,1.0,0.0,2.854857825,2TiO2-1-2--1_0_0_-1-0_-0.99,2,Ti2O4-312489eced4d,-0.99
Ti2O4-312489eced4d-2-1_0_0_1--0.5_-0.16,Ti2O4-312489eced4d,2.961,Ti4O8,18.968,Unverified,https://bidb.fysik.dtu.dk/material/2TiO2-1-2-1_0_0_1--0.5_-0.16,No,,2.727,,,Yes,p2/m11,14,12,Ti2O4-312489eced4d,2,2,,TiO2,AB2,original24,6.918,15.551,1,0,0,1,0,1.0,-0.5,2.854857825,2TiO2-1-2-1_0_0_1--0.5_-0.16,2,Ti2O4-312489eced4d,-0.16
Ti2O4-312489eced4d-2-1_0_0_1--0.5_-0.49,Ti2O4-312489eced4d,2.681,Ti4O8,22.507,Unverified,https://bidb.fysik.dtu.dk/material/2TiO2-1-2-1_0_0_1--0.5_-0.49,No,,2.809,,,Yes,p2/m11,14,12,Ti2O4-312489eced4d,2,2,,TiO2,AB2,original24,6.638,15.551,1,0,0,1,0,1.0,-0.5,2.854857825,2TiO2-1-2-1_0_0_1--0.5_-0.49,2,Ti2O4-312489eced4d,-0.49
Ti2O4-312489eced4d-2-1_0_0_1--0.5_-0.83,Ti2O4-312489eced4d,2.549,Ti4O8,26.031,Unstable,https://bidb.fysik.dtu.dk/material/2TiO2-1-2-1_0_0_1--0.5_-0.83,No,,2.794,,,Yes,p2/m11,14,12,Ti2O4-312489eced4d,2,2,,TiO2,AB2,original24,6.506,15.551,1,0,0,1,0,1.0,-0.5,2.854857825,2TiO2-1-2-1_0_0_1--0.5_-0.83,0,Ti2O4-312489eced4d,-0.83
Ti2O4-312489eced4d-2-1_0_0_1--0.5_-0.85,Ti2O4-312489eced4d,2.545,Ti4O8,26.099,Stable,https://bidb.fysik.dtu.dk/material/2TiO2-1-2-1_0_0_1--0.5_-0.85,No,,2.801,,,Yes,p2/m11,14,12,Ti2O4-312489eced4d,2,2,,TiO2,AB2,original24,6.502,15.551,1,0,0,1,0,1.0,-0.5,2.854857825,2TiO2-1-2-1_0_0_1--0.5_-0.85,1,Ti2O4-312489eced4d,-0.85
Ti2O4-312489eced4d-2-1_0_0_1-0.5_0,Ti2O4-312489eced4d,2.782,Ti4O8,21.854,Unverified,https://bidb.fysik.dtu.dk/material/2TiO2-1-2-1_0_0_1-0.5_0,No,,2.769,,,Yes,p2/m11,14,12,Ti2O4-312489eced4d,2,2,,TiO2,AB2,original24,6.739,15.551,1,0,0,1,0,1.0,0.5,2.854857825,2TiO2-1-2-1_0_0_1-0.5_0,2,Ti2O4-312489eced4d,0.0
Ti2O4-312489eced4d-2-1_0_0_1-0_-0.33,Ti2O4-312489eced4d,2.541,Ti4O8,25.971,Stable,https://bidb.fysik.dtu.dk/material/2TiO2-1-2-1_0_0_1-0_-0.33,No,,2.739,,,Yes,p2_1/m11,15,12,Ti2O4-312489eced4d,2,2,,TiO2,AB2,original24,6.498,15.551,1,0,0,1,0,1.0,0.0,2.854857825,2TiO2-1-2-1_0_0_1-0_-0.33,1,Ti2O4-312489eced4d,-0.33
Ti2O4-312489eced4d-2-1_0_0_1-0_-0.66,Ti2O4-312489eced4d,2.969,Ti4O8,18.437,Unverified,https://bidb.fysik.dtu.dk/material/2TiO2-1-2-1_0_0_1-0_-0.66,No,,2.774,,,Yes,p2_1/m11,15,12,Ti2O4-312489eced4d,2,2,,TiO2,AB2,original24,6.926,15.551,1,0,0,1,0,1.0,0.0,2.854857825,2TiO2-1-2-1_0_0_1-0_-0.66,2,Ti2O4-312489eced4d,-0.66
Ti2O4-312489eced4d-2-1_0_0_1-0_0.5,Ti2O4-312489eced4d,2.806,Ti4O8,21.003,Unverified,https://bidb.fysik.dtu.dk/material/2TiO2-1-2-1_0_0_1-0_0.5,No,,2.787,,,Yes,p2_1/m11,15,12,Ti2O4-312489eced4d,2,2,,TiO2,AB2,original24,6.763,15.551,1,0,0,1,0,1.0,0.0,2.854857825,2TiO2-1-2-1_0_0_1-0_0.5,2,Ti2O4-312489eced4d,0.5
Ti2O4-312489eced4d-2-1_0_0_1-0_0,Ti2O4-312489eced4d,2.627,Ti4O8,24.332,Stable,https://bidb.fysik.dtu.dk/material/2TiO2-1-2-1_0_0_1-0_0,No,,2.796,,,Yes,p2_1/m11,15,12,Ti2O4-312489eced4d,2,2,,TiO2,AB2,original24,6.584,15.551,1,0,0,1,0,1.0,0.0,2.854857825,2TiO2-1-2-1_0_0_1-0_0,1,Ti2O4-312489eced4d,0.0
Zr2Br4-112846d9ccdd-2--1_0_0_-1--0.5_-0.12,Zr2Br4-112846d9ccdd,2.895,Zr4Br8,16.462,Stable,https://bidb.fysik.dtu.dk/material/2ZrBr2-1-2--1_0_0_-1--0.5_-0.12,No,,0.49,,,No,pm11,11,12,Zr2Br4-112846d9ccdd,2,2,,ZrBr2,AB2,original24,11.062,22.71,-1,0,0,-1,0,1.0,-0.5,0.591027975,2ZrBr2-1-2--1_0_0_-1--0.5_-0.12,1,Zr2Br4-112846d9ccdd,-0.12
Zr2Br4-112846d9ccdd-2--1_0_0_-1--0.5_-0.5,Zr2Br4-112846d9ccdd,3.603,Zr4Br8,10.168,Unverified,https://bidb.fysik.dtu.dk/material/2ZrBr2-1-2--1_0_0_-1--0.5_-0.5,No,,0.496,,,No,pm2m,27,12,Zr2Br4-112846d9ccdd,2,2,,ZrBr2,AB2,original24,11.771,22.71,-1,0,0,-1,0,1.0,-0.5,0.591027975,2ZrBr2-1-2--1_0_0_-1--0.5_-0.5,2,Zr2Br4-112846d9ccdd,-0.5
Zr2Br4-112846d9ccdd-2--1_0_0_-1--0.5_-0.77,Zr2Br4-112846d9ccdd,3.022,Zr4Br8,14.861,Unstable,https://bidb.fysik.dtu.dk/material/2ZrBr2-1-2--1_0_0_-1--0.5_-0.77,No,,0.491,,,No,pm11,11,12,Zr2Br4-112846d9ccdd,2,2,,ZrBr2,AB2,original24,11.19,22.71,-1,0,0,-1,0,1.0,-0.5,0.591027975,2ZrBr2-1-2--1_0_0_-1--0.5_-0.77,0,Zr2Br4-112846d9ccdd,-0.77
Zr2Br4-112846d9ccdd-2--1_0_0_-1-0.5_0,Zr2Br4-112846d9ccdd,2.939,Zr4Br8,16.099,Unstable,https://bidb.fysik.dtu.dk/material/2ZrBr2-1-2--1_0_0_-1-0.5_0,No,,0.507,,,No,pm2_1b,28,12,Zr2Br4-112846d9ccdd,2,2,,ZrBr2,AB2,original24,11.107,22.71,-1,0,0,-1,0,1.0,0.5,0.591027975,2ZrBr2-1-2--1_0_0_-1-0.5_0,0,Zr2Br4-112846d9ccdd,0.0
Zr2Br4-112846d9ccdd-2--1_0_0_-1-0_-0.25,Zr2Br4-112846d9ccdd,2.978,Zr4Br8,15.623,Stable,https://bidb.fysik.dtu.dk/material/2ZrBr2-1-2--1_0_0_-1-0_-0.25,No,,0.499,,,No,pm11,11,12,Zr2Br4-112846d9ccdd,2,2,,ZrBr2,AB2,original24,11.145,22.71,-1,0,0,-1,0,1.0,0.0,0.591027975,2ZrBr2-1-2--1_0_0_-1-0_-0.25,1,Zr2Br4-112846d9ccdd,-0.25
Zr2Br4-112846d9ccdd-2--1_0_0_-1-0_-0.27,Zr2Br4-112846d9ccdd,2.978,Zr4Br8,15.571,Unstable,https://bidb.fysik.dtu.dk/material/2ZrBr2-1-2--1_0_0_-1-0_-0.27,No,,0.498,,,No,pm11,11,12,Zr2Br4-112846d9ccdd,2,2,,ZrBr2,AB2,original24,11.145,22.71,-1,0,0,-1,0,1.0,0.0,0.591027975,2ZrBr2-1-2--1_0_0_-1-0_-0.27,0,Zr2Br4-112846d9ccdd,-0.27
Zr2Br4-112846d9ccdd-2--1_0_0_-1-0_-0.62,Zr2Br4-112846d9ccdd,3.138,Zr4Br8,13.937,Unstable,https://bidb.fysik.dtu.dk/material/2ZrBr2-1-2--1_0_0_-1-0_-0.62,No,,0.493,,,No,pm11,11,12,Zr2Br4-112846d9ccdd,2,2,,ZrBr2,AB2,original24,11.306,22.71,-1,0,0,-1,0,1.0,0.0,0.591027975,2ZrBr2-1-2--1_0_0_-1-0_-0.62,0,Zr2Br4-112846d9ccdd,-0.62
Zr2Br4-112846d9ccdd-2--1_0_0_-1-0_-0.89,Zr2Br4-112846d9ccdd,3.194,Zr4Br8,13.963,Unstable,https://bidb.fysik.dtu.dk/material/2ZrBr2-1-2--1_0_0_-1-0_-0.89,No,,0.498,,,No,pm11,11,12,Zr2Br4-112846d9ccdd,2,2,,ZrBr2,AB2,original24,11.361,22.71,-1,0,0,-1,0,1.0,0.0,0.591027975,2ZrBr2-1-2--1_0_0_-1-0_-0.89,0,Zr2Br4-112846d9ccdd,-0.89
Zr2Br4-112846d9ccdd-2--1_0_0_-1-0_0.5,Zr2Br4-112846d9ccdd,3.255,Zr4Br8,13.097,Unverified,https://bidb.fysik.dtu.dk/material/2ZrBr2-1-2--1_0_0_-1-0_0.5,No,,0.494,,,No,pm2a,31,12,Zr2Br4-112846d9ccdd,2,2,,ZrBr2,AB2,original24,11.422,22.71,-1,0,0,-1,0,1.0,0.0,0.591027975,2ZrBr2-1-2--1_0_0_-1-0_0.5,2,Zr2Br4-112846d9ccdd,0.5
Zr2Br4-112846d9ccdd-2--1_0_0_-1-0_0,Zr2Br4-112846d9ccdd,3.277,Zr4Br8,13.331,Unverified,https://bidb.fysik.dtu.dk/material/2ZrBr2-1-2--1_0_0_-1-0_0,No,,0.504,,,No,pm2_1n,32,12,Zr2Br4-112846d9ccdd,2,2,,ZrBr2,AB2,original24,11.444,22.71,-1,0,0,-1,0,1.0,0.0,0.591027975,2ZrBr2-1-2--1_0_0_-1-0_0,2,Zr2Br4-112846d9ccdd,0.0
Zr2Br4-112846d9ccdd-2-1_0_0_1--0.5_-0.12,Zr2Br4-112846d9ccdd,3.587,Zr4Br8,10.795,Unverified,https://bidb.fysik.dtu.dk/material/2ZrBr2-1-2-1_0_0_1--0.5_-0.12,No,,0.502,,,Yes,p2/m11,14,12,Zr2Br4-112846d9ccdd,2,2,,ZrBr2,AB2,original24,11.754,22.71,1,0,0,1,0,1.0,-0.5,0.591027975,2ZrBr2-1-2-1_0_0_1--0.5_-0.12,2,Zr2Br4-112846d9ccdd,-0.12
Zr2Br4-112846d9ccdd-2-1_0_0_1--0.5_-0.39,Zr2Br4-112846d9ccdd,3.16,Zr4Br8,13.721,Unstable,https://bidb.fysik.dtu.dk/material/2ZrBr2-1-2-1_0_0_1--0.5_-0.39,No,,0.502,,,Yes,p2/m11,14,12,Zr2Br4-112846d9ccdd,2,2,,ZrBr2,AB2,original24,11.328,22.71,1,0,0,1,0,1.0,-0.5,0.591027975,2ZrBr2-1-2-1_0_0_1--0.5_-0.39,0,Zr2Br4-112846d9ccdd,-0.39
Zr2Br4-112846d9ccdd-2-1_0_0_1--0.5_-0.77,Zr2Br4-112846d9ccdd,2.906,Zr4Br8,16.356,Stable,https://bidb.fysik.dtu.dk/material/2ZrBr2-1-2-1_0_0_1--0.5_-0.77,No,,0.511,,,Yes,p2/m11,14,12,Zr2Br4-112846d9ccdd,2,2,,ZrBr2,AB2,original24,11.073,22.71,1,0,0,1,0,1.0,-0.5,0.591027975,2ZrBr2-1-2-1_0_0_1--0.5_-0.77,1,Zr2Br4-112846d9ccdd,-0.77
Zr2Br4-112846d9ccdd-2-1_0_0_1-0.5_-0.23,Zr2Br4-112846d9ccdd,3.553,Zr4Br8,11.019,Unverified,https://bidb.fysik.dtu.dk/material/2ZrBr2-1-2-1_0_0_1-0.5_-0.23,No,,0.504,,,Yes,p2/m11,14,12,Zr2Br4-112846d9ccdd,2,2,,ZrBr2,AB2,original24,11.721,22.71,1,0,0,1,0,1.0,0.5,0.591027975,2ZrBr2-1-2-1_0_0_1-0.5_-0.23,2,Zr2Br4-112846d9ccdd,-0.23
Zr2Br4-112846d9ccdd-2-1_0_0_1-0.5_-0.5,Zr2Br4-112846d9ccdd,2.895,Zr4Br8,16.244,Unstable,https://bidb.fysik.dtu.dk/material/2ZrBr2-1-2-1_0_0_1-0.5_-0.5,No,,0.496,,,Yes,p2/m11,14,12,Zr2Br4-112846d9ccdd,2,2,,ZrBr2,AB2,original24,11.062,22.71,1,0,0,1,0,1.0,0.5,0.591027975,2ZrBr2-1-2-1_0_0_1-0.5_-0.5,0,Zr2Br4-112846d9ccdd,-0.5
Zr2Br4-112846d9ccdd-2-1_0_0_1-0.5_-0.53,Zr2Br4-112846d9ccdd,2.891,Zr4Br8,16.397,Unstable,https://bidb.fysik.dtu.dk/material/2ZrBr2-1-2-1_0_0_1-0.5_-0.53,No,,0.498,,,Yes,p2/m11,14,12,Zr2Br4-112846d9ccdd,2,2,,ZrBr2,AB2,original24,11.058,22.71,1,0,0,1,0,1.0,0.5,0.591027975,2ZrBr2-1-2-1_0_0_1-0.5_-0.53,0,Zr2Br4-112846d9ccdd,-0.53
Zr2Br4-112846d9ccdd-2-1_0_0_1-0.5_-0.54,Zr2Br4-112846d9ccdd,2.897,Zr4Br8,16.402,Stable,https://bidb.fysik.dtu.dk/material/2ZrBr2-1-2-1_0_0_1-0.5_-0.54,No,,0.499,,,Yes,p2/m11,14,12,Zr2Br4-112846d9ccdd,2,2,,ZrBr2,AB2,original24,11.064,22.71,1,0,0,1,0,1.0,0.5,0.591027975,2ZrBr2-1-2-1_0_0_1-0.5_-0.54,1,Zr2Br4-112846d9ccdd,-0.54
Zr2Br4-112846d9ccdd-2-1_0_0_1-0.5_0.12,Zr2Br4-112846d9ccdd,3.044,Zr4Br8,14.657,Unstable,https://bidb.fysik.dtu.dk/material/2ZrBr2-1-2-1_0_0_1-0.5_0.12,No,,0.506,,,Yes,p2/m11,14,12,Zr2Br4-112846d9ccdd,2,2,,ZrBr2,AB2,original24,11.212,22.71,1,0,0,1,0,1.0,0.5,0.591027975,2ZrBr2-1-2-1_0_0_1-0.5_0.12,0,Zr2Br4-112846d9ccdd,0.12
Zr2Br4-112846d9ccdd-2-1_0_0_1-0.5_0.39,Zr2Br4-112846d9ccdd,2.928,Zr4Br8,16.165,Unstable,https://bidb.fysik.dtu.dk/material/2ZrBr2-1-2-1_0_0_1-0.5_0.39,No,,0.506,,,Yes,p2/m11,14,12,Zr2Br4-112846d9ccdd,2,2,,ZrBr2,AB2,original24,11.096,22.71,1,0,0,1,0,1.0,0.5,0.591027975,2ZrBr2-1-2-1_0_0_1-0.5_0.39,0,Zr2Br4-112846d9ccdd,0.39
Zr2Br4-112846d9ccdd-2-1_0_0_1-0.5_0,Zr2Br4-112846d9ccdd,3.415,Zr4Br8,11.925,Unverified,https://bidb.fysik.dtu.dk/material/2ZrBr2-1-2-1_0_0_1-0.5_0,No,,0.503,,,Yes,p2/m11,14,12,Zr2Br4-112846d9ccdd,2,2,,ZrBr2,AB2,original24,11.583,22.71,1,0,0,1,0,1.0,0.5,0.591027975,2ZrBr2-1-2-1_0_0_1-0.5_0,2,Zr2Br4-112846d9ccdd,0.0
Zr2Br4-112846d9ccdd-2-1_0_0_1-0_-0.27,Zr2Br4-112846d9ccdd,3.138,Zr4Br8,14.0,Unstable,https://bidb.fysik.dtu.dk/material/2ZrBr2-1-2-1_0_0_1-0_-0.27,No,,0.505,,,Yes,p2_1/m11,15,12,Zr2Br4-112846d9ccdd,2,2,,ZrBr2,AB2,original24,11.306,22.71,1,0,0,1,0,1.0,0.0,0.591027975,2ZrBr2-1-2-1_0_0_1-0_-0.27,0,Zr2Br4-112846d9ccdd,-0.27
Zr2Br4-112846d9ccdd-2-1_0_0_1-0_-0.38,Zr2Br4-112846d9ccdd,2.989,Zr4Br8,15.502,Unstable,https://bidb.fysik.dtu.dk/material/2ZrBr2-1-2-1_0_0_1-0_-0.38,No,,0.508,,,Yes,p2_1/m11,15,12,Zr2Br4-112846d9ccdd,2,2,,ZrBr2,AB2,original24,11.156,22.71,1,0,0,1,0,1.0,0.0,0.591027975,2ZrBr2-1-2-1_0_0_1-0_-0.38,0,Zr2Br4-112846d9ccdd,-0.38
Zr2Br4-112846d9ccdd-2-1_0_0_1-0_-0.4,Zr2Br4-112846d9ccdd,2.985,Zr4Br8,15.574,Stable,https://bidb.fysik.dtu.dk/material/2ZrBr2-1-2-1_0_0_1-0_-0.4,No,,0.505,,,Yes,p2_1/m11,15,12,Zr2Br4-112846d9ccdd,2,2,,ZrBr2,AB2,original24,11.152,22.71,1,0,0,1,0,1.0,0.0,0.591027975,2ZrBr2-1-2-1_0_0_1-0_-0.4,1,Zr2Br4-112846d9ccdd,-0.4
Zr2Br4-112846d9ccdd-2-1_0_0_1-0_-0.62,Zr2Br4-112846d9ccdd,3.26,Zr4Br8,13.441,Unverified,https://bidb.fysik.dtu.dk/material/2ZrBr2-1-2-1_0_0_1-0_-0.62,No,,0.5,,,Yes,p2_1/m11,15,12,Zr2Br4-112846d9ccdd,2,2,,ZrBr2,AB2,original24,11.428,22.71,1,0,0,1,0,1.0,0.0,0.591027975,2ZrBr2-1-2-1_0_0_1-0_-0.62,2,Zr2Br4-112846d9ccdd,-0.62
Zr2Br4-112846d9ccdd-2-1_0_0_1-0_0.27,Zr2Br4-112846d9ccdd,3.238,Zr4Br8,13.61,Unstable,https://bidb.fysik.dtu.dk/material/2ZrBr2-1-2-1_0_0_1-0_0.27,No,,0.499,,,Yes,p2_1/m11,15,12,Zr2Br4-112846d9ccdd,2,2,,ZrBr2,AB2,original24,11.405,22.71,1,0,0,1,0,1.0,0.0,0.591027975,2ZrBr2-1-2-1_0_0_1-0_0.27,0,Zr2Br4-112846d9ccdd,0.27
Zr2Br4-112846d9ccdd-2-1_0_0_1-0_0.5,Zr2Br4-112846d9ccdd,3.111,Zr4Br8,14.592,Unstable,https://bidb.fysik.dtu.dk/material/2ZrBr2-1-2-1_0_0_1-0_0.5,No,,0.498,,,Yes,p2_1/m11,15,12,Zr2Br4-112846d9ccdd,2,2,,ZrBr2,AB2,original24,11.278,22.71,1,0,0,1,0,1.0,0.0,0.591027975,2ZrBr2-1-2-1_0_0_1-0_0.5,0,Zr2Br4-112846d9ccdd,0.5
Zr2Br4-112846d9ccdd-2-1_0_0_1-0_0,Zr2Br4-112846d9ccdd,3.066,Zr4Br8,14.467,Unstable,https://bidb.fysik.dtu.dk/material/2ZrBr2-1-2-1_0_0_1-0_0,No,,0.485,,,Yes,p2_1/m11,15,12,Zr2Br4-112846d9ccdd,2,2,,ZrBr2,AB2,original24,11.234,22.71,1,0,0,1,0,1.0,0.0,0.591027975,2ZrBr2-1-2-1_0_0_1-0_0,0,Zr2Br4-112846d9ccdd,0.0
Zr2Cl4-78bf3c7e79be-2--1_0_0_-1--0.5_-0.5,Zr2Cl4-78bf3c7e79be,3.409,Zr4Cl8,10.206,Unverified,https://bidb.fysik.dtu.dk/material/2ZrCl2-1-2--1_0_0_-1--0.5_-0.5,No,,0.529,,,No,pm2m,27,12,Zr2Cl4-78bf3c7e79be,2,2,,ZrCl2,AB2,original24,11.015,20.765,-1,0,0,-1,0,1.0,-0.5,0.595805394,2ZrCl2-1-2--1_0_0_-1--0.5_-0.5,2,Zr2Cl4-78bf3c7e79be,-0.5
Zr2Cl4-78bf3c7e79be-2--1_0_0_-1--0.5_-0.78,Zr2Cl4-78bf3c7e79be,2.862,Zr4Cl8,14.579,Unstable,https://bidb.fysik.dtu.dk/material/2ZrCl2-1-2--1_0_0_-1--0.5_-0.78,No,,0.539,,,No,pm11,11,12,Zr2Cl4-78bf3c7e79be,2,2,,ZrCl2,AB2,original24,10.467,20.765,-1,0,0,-1,0,1.0,-0.5,0.595805394,2ZrCl2-1-2--1_0_0_-1--0.5_-0.78,0,Zr2Cl4-78bf3c7e79be,-0.78
Zr2Cl4-78bf3c7e79be-2--1_0_0_-1-0.5_0,Zr2Cl4-78bf3c7e79be,2.803,Zr4Cl8,15.332,Unstable,https://bidb.fysik.dtu.dk/material/2ZrCl2-1-2--1_0_0_-1-0.5_0,No,,0.545,,,No,pm2_1b,28,12,Zr2Cl4-78bf3c7e79be,2,2,,ZrCl2,AB2,original24,10.409,20.765,-1,0,0,-1,0,1.0,0.5,0.595805394,2ZrCl2-1-2--1_0_0_-1-0.5_0,0,Zr2Cl4-78bf3c7e79be,0.0
Zr2Cl4-78bf3c7e79be-2--1_0_0_-1-0_-0.26,Zr2Cl4-78bf3c7e79be,2.815,Zr4Cl8,15.078,Stable,https://bidb.fysik.dtu.dk/material/2ZrCl2-1-2--1_0_0_-1-0_-0.26,No,,0.542,,,No,pm11,11,12,Zr2Cl4-78bf3c7e79be,2,2,,ZrCl2,AB2,original24,10.421,20.765,-1,0,0,-1,0,1.0,0.0,0.595805394,2ZrCl2-1-2--1_0_0_-1-0_-0.26,1,Zr2Cl4-78bf3c7e79be,-0.26
Zr2Cl4-78bf3c7e79be-2--1_0_0_-1-0_-0.28,Zr2Cl4-78bf3c7e79be,2.814,Zr4Cl8,15.033,Unstable,https://bidb.fysik.dtu.dk/material/2ZrCl2-1-2--1_0_0_-1-0_-0.28,No,,0.542,,,No,pm11,11,12,Zr2Cl4-78bf3c7e79be,2,2,,ZrCl2,AB2,original24,10.419,20.765,-1,0,0,-1,0,1.0,0.0,0.595805394,2ZrCl2-1-2--1_0_0_-1-0_-0.28,0,Zr2Cl4-78bf3c7e79be,-0.28
Zr2Cl4-78bf3c7e79be-2--1_0_0_-1-0_-0.62,Zr2Cl4-78bf3c7e79be,2.957,Zr4Cl8,13.75,Unstable,https://bidb.fysik.dtu.dk/material/2ZrCl2-1-2--1_0_0_-1-0_-0.62,No,,0.537,,,No,pm11,11,12,Zr2Cl4-78bf3c7e79be,2,2,,ZrCl2,AB2,original24,10.563,20.765,-1,0,0,-1,0,1.0,0.0,0.595805394,2ZrCl2-1-2--1_0_0_-1-0_-0.62,0,Zr2Cl4-78bf3c7e79be,-0.62
Zr2Cl4-78bf3c7e79be-2--1_0_0_-1-0_-0.9,Zr2Cl4-78bf3c7e79be,3.053,Zr4Cl8,13.35,Unstable,https://bidb.fysik.dtu.dk/material/2ZrCl2-1-2--1_0_0_-1-0_-0.9,No,,0.535,,,No,pm11,11,12,Zr2Cl4-78bf3c7e79be,2,2,,ZrCl2,AB2,original24,10.659,20.765,-1,0,0,-1,0,1.0,0.0,0.595805394,2ZrCl2-1-2--1_0_0_-1-0_-0.9,0,Zr2Cl4-78bf3c7e79be,-0.9
Zr2Cl4-78bf3c7e79be-2--1_0_0_-1-0_0.5,Zr2Cl4-78bf3c7e79be,3.069,Zr4Cl8,12.872,Unstable,https://bidb.fysik.dtu.dk/material/2ZrCl2-1-2--1_0_0_-1-0_0.5,No,,0.535,,,No,pm2a,31,12,Zr2Cl4-78bf3c7e79be,2,2,,ZrCl2,AB2,original24,10.674,20.765,-1,0,0,-1,0,1.0,0.0,0.595805394,2ZrCl2-1-2--1_0_0_-1-0_0.5,0,Zr2Cl4-78bf3c7e79be,0.5
Zr2Cl4-78bf3c7e79be-2-1_0_0_1--0.5_-0.12,Zr2Cl4-78bf3c7e79be,3.393,Zr4Cl8,10.629,Unverified,https://bidb.fysik.dtu.dk/material/2ZrCl2-1-2-1_0_0_1--0.5_-0.12,No,,0.539,,,Yes,p2/m11,14,12,Zr2Cl4-78bf3c7e79be,2,2,,ZrCl2,AB2,original24,10.999,20.765,1,0,0,1,0,1.0,-0.5,0.595805394,2ZrCl2-1-2-1_0_0_1--0.5_-0.12,2,Zr2Cl4-78bf3c7e79be,-0.12
Zr2Cl4-78bf3c7e79be-2-1_0_0_1--0.5_-0.4,Zr2Cl4-78bf3c7e79be,2.957,Zr4Cl8,13.837,Unstable,https://bidb.fysik.dtu.dk/material/2ZrCl2-1-2-1_0_0_1--0.5_-0.4,No,,0.541,,,Yes,p2/m11,14,12,Zr2Cl4-78bf3c7e79be,2,2,,ZrCl2,AB2,original24,10.563,20.765,1,0,0,1,0,1.0,-0.5,0.595805394,2ZrCl2-1-2-1_0_0_1--0.5_-0.4,0,Zr2Cl4-78bf3c7e79be,-0.4
Zr2Cl4-78bf3c7e79be-2-1_0_0_1--0.5_-0.78,Zr2Cl4-78bf3c7e79be,2.761,Zr4Cl8,15.593,Stable,https://bidb.fysik.dtu.dk/material/2ZrCl2-1-2-1_0_0_1--0.5_-0.78,No,,0.538,,,Yes,p2/m11,14,12,Zr2Cl4-78bf3c7e79be,2,2,,ZrCl2,AB2,original24,10.366,20.765,1,0,0,1,0,1.0,-0.5,0.595805394,2ZrCl2-1-2-1_0_0_1--0.5_-0.78,1,Zr2Cl4-78bf3c7e79be,-0.78
Zr2Cl4-78bf3c7e79be-2-1_0_0_1-0.5_-0.22,Zr2Cl4-78bf3c7e79be,3.361,Zr4Cl8,10.861,Unverified,https://bidb.fysik.dtu.dk/material/2ZrCl2-1-2-1_0_0_1-0.5_-0.22,No,,0.539,,,Yes,p2/m11,14,12,Zr2Cl4-78bf3c7e79be,2,2,,ZrCl2,AB2,original24,10.967,20.765,1,0,0,1,0,1.0,0.5,0.595805394,2ZrCl2-1-2-1_0_0_1-0.5_-0.22,2,Zr2Cl4-78bf3c7e79be,-0.22
Zr2Cl4-78bf3c7e79be-2-1_0_0_1-0.5_-0.5,Zr2Cl4-78bf3c7e79be,2.75,Zr4Cl8,15.65,Unstable,https://bidb.fysik.dtu.dk/material/2ZrCl2-1-2-1_0_0_1-0.5_-0.5,No,,0.544,,,Yes,p2/m11,14,12,Zr2Cl4-78bf3c7e79be,2,2,,ZrCl2,AB2,original24,10.356,20.765,1,0,0,1,0,1.0,0.5,0.595805394,2ZrCl2-1-2-1_0_0_1-0.5_-0.5,0,Zr2Cl4-78bf3c7e79be,-0.5
Zr2Cl4-78bf3c7e79be-2-1_0_0_1-0.5_-0.52,Zr2Cl4-78bf3c7e79be,2.742,Zr4Cl8,15.716,Stable,https://bidb.fysik.dtu.dk/material/2ZrCl2-1-2-1_0_0_1-0.5_-0.52,No,,0.545,,,Yes,p2/m11,14,12,Zr2Cl4-78bf3c7e79be,2,2,,ZrCl2,AB2,original24,10.348,20.765,1,0,0,1,0,1.0,0.5,0.595805394,2ZrCl2-1-2-1_0_0_1-0.5_-0.52,1,Zr2Cl4-78bf3c7e79be,-0.52
Zr2Cl4-78bf3c7e79be-2-1_0_0_1-0.5_0.12,Zr2Cl4-78bf3c7e79be,2.878,Zr4Cl8,14.379,Unstable,https://bidb.fysik.dtu.dk/material/2ZrCl2-1-2-1_0_0_1-0.5_0.12,No,,0.536,,,Yes,p2/m11,14,12,Zr2Cl4-78bf3c7e79be,2,2,,ZrCl2,AB2,original24,10.483,20.765,1,0,0,1,0,1.0,0.5,0.595805394,2ZrCl2-1-2-1_0_0_1-0.5_0.12,0,Zr2Cl4-78bf3c7e79be,0.12
Zr2Cl4-78bf3c7e79be-2-1_0_0_1-0.5_0,Zr2Cl4-78bf3c7e79be,3.229,Zr4Cl8,11.75,Unverified,https://bidb.fysik.dtu.dk/material/2ZrCl2-1-2-1_0_0_1-0.5_0,No,,0.536,,,Yes,p2/m11,14,12,Zr2Cl4-78bf3c7e79be,2,2,,ZrCl2,AB2,original24,10.834,20.765,1,0,0,1,0,1.0,0.5,0.595805394,2ZrCl2-1-2-1_0_0_1-0.5_0,2,Zr2Cl4-78bf3c7e79be,0.0
Zr2Cl4-78bf3c7e79be-2-1_0_0_1-0_-0.28,Zr2Cl4-78bf3c7e79be,2.957,Zr4Cl8,13.776,Unstable,https://bidb.fysik.dtu.dk/material/2ZrCl2-1-2-1_0_0_1-0_-0.28,No,,0.55,,,Yes,p2_1/m11,15,12,Zr2Cl4-78bf3c7e79be,2,2,,ZrCl2,AB2,original24,10.563,20.765,1,0,0,1,0,1.0,0.0,0.595805394,2ZrCl2-1-2-1_0_0_1-0_-0.28,0,Zr2Cl4-78bf3c7e79be,-0.28
Zr2Cl4-78bf3c7e79be-2-1_0_0_1-0_-0.63,Zr2Cl4-78bf3c7e79be,3.106,Zr4Cl8,12.955,Unstable,https://bidb.fysik.dtu.dk/material/2ZrCl2-1-2-1_0_0_1-0_-0.63,No,,0.537,,,Yes,p2_1/m11,15,12,Zr2Cl4-78bf3c7e79be,2,2,,ZrCl2,AB2,original24,10.712,20.765,1,0,0,1,0,1.0,0.0,0.595805394,2ZrCl2-1-2-1_0_0_1-0_-0.63,0,Zr2Cl4-78bf3c7e79be,-0.63
Zr2Cl4-78bf3c7e79be-2-1_0_0_1-0_0.5,Zr2Cl4-78bf3c7e79be,2.968,Zr4Cl8,14.016,Unstable,https://bidb.fysik.dtu.dk/material/2ZrCl2-1-2-1_0_0_1-0_0.5,No,,0.542,,,Yes,p2_1/m11,15,12,Zr2Cl4-78bf3c7e79be,2,2,,ZrCl2,AB2,original24,10.573,20.765,1,0,0,1,0,1.0,0.0,0.595805394,2ZrCl2-1-2-1_0_0_1-0_0.5,0,Zr2Cl4-78bf3c7e79be,0.5
Zr2Cl4-78bf3c7e79be-2-1_0_0_1-0_0,Zr2Cl4-78bf3c7e79be,2.899,Zr4Cl8,14.117,Unstable,https://bidb.fysik.dtu.dk/material/2ZrCl2-1-2-1_0_0_1-0_0,No,,0.531,,,Yes,p2_1/m11,15,12,Zr2Cl4-78bf3c7e79be,2,2,,ZrCl2,AB2,original24,10.504,20.765,1,0,0,1,0,1.0,0.0,0.595805394,2ZrCl2-1-2-1_0_0_1-0_0,0,Zr2Cl4-78bf3c7e79be,0.0
Zr2Cl4-78bf3c7e79be-2-1_0_0_1-Iz-0.5_0.5,Zr2Cl4-78bf3c7e79be,3.117,Zr4Cl8,12.874,Unstable,https://bidb.fysik.dtu.dk/material/2ZrCl2-1-2-1_0_0_1-Iz-0.5_0.5,No,,0.536,,,No,pm2_1n,32,12,Zr2Cl4-78bf3c7e79be,2,2,,ZrCl2,AB2,original24,10.722,20.765,1,0,0,1,1,-1.0,0.5,0.595805394,2ZrCl2-1-2-1_0_0_1-Iz-0.5_0.5,0,Zr2Cl4-78bf3c7e79be,0.5
Zr2I4-a5233adfb04f-2--1_0_0_-1--0.5_-0.1,Zr2I4-a5233adfb04f,3.133,Zr4I8,16.467,Stable,https://bidb.fysik.dtu.dk/material/2ZrI2-1-2--1_0_0_-1--0.5_-0.1,No,,0.295,1537359.0,,No,pm11,11,12,Zr2I4-a5233adfb04f,2,2,,ZrI2,AB2,original24,11.934,26.075,-1,0,0,-1,0,1.0,-0.5,0.428681215,2ZrI2-1-2--1_0_0_-1--0.5_-0.1,1,Zr2I4-a5233adfb04f,-0.1
Zr2I4-a5233adfb04f-2--1_0_0_-1--0.5_-0.11,Zr2I4-a5233adfb04f,3.133,Zr4I8,16.464,Unstable,https://bidb.fysik.dtu.dk/material/2ZrI2-1-2--1_0_0_-1--0.5_-0.11,No,,0.295,1537359.0,,No,pm11,11,12,Zr2I4-a5233adfb04f,2,2,,ZrI2,AB2,original24,11.934,26.075,-1,0,0,-1,0,1.0,-0.5,0.428681215,2ZrI2-1-2--1_0_0_-1--0.5_-0.11,0,Zr2I4-a5233adfb04f,-0.11
Zr2I4-a5233adfb04f-2--1_0_0_-1--0.5_-0.5,Zr2I4-a5233adfb04f,3.954,Zr4I8,11.17,Unverified,https://bidb.fysik.dtu.dk/material/2ZrI2-1-2--1_0_0_-1--0.5_-0.5,No,,,1537359.0,,No,pm2m,27,12,Zr2I4-a5233adfb04f,2,2,,ZrI2,AB2,original24,12.755,26.075,-1,0,0,-1,0,1.0,-0.5,0.428681215,2ZrI2-1-2--1_0_0_-1--0.5_-0.5,2,Zr2I4-a5233adfb04f,-0.5
Zr2I4-a5233adfb04f-2--1_0_0_-1--0.5_-0.77,Zr2I4-a5233adfb04f,3.301,Zr4I8,14.236,Unstable,https://bidb.fysik.dtu.dk/material/2ZrI2-1-2--1_0_0_-1--0.5_-0.77,No,,0.302,1537359.0,,No,pm11,11,12,Zr2I4-a5233adfb04f,2,2,,ZrI2,AB2,original24,12.102,26.075,-1,0,0,-1,0,1.0,-0.5,0.428681215,2ZrI2-1-2--1_0_0_-1--0.5_-0.77,0,Zr2I4-a5233adfb04f,-0.77
Zr2I4-a5233adfb04f-2--1_0_0_-1-0.5_0,Zr2I4-a5233adfb04f,3.156,Zr4I8,16.24,Unstable,https://bidb.fysik.dtu.dk/material/2ZrI2-1-2--1_0_0_-1-0.5_0,No,,0.31,1537359.0,,No,pm2_1b,28,12,Zr2I4-a5233adfb04f,2,2,,ZrI2,AB2,original24,11.957,26.075,-1,0,0,-1,0,1.0,0.5,0.428681215,2ZrI2-1-2--1_0_0_-1-0.5_0,0,Zr2I4-a5233adfb04f,0.0
Zr2I4-a5233adfb04f-2--1_0_0_-1-0_-0.25,Zr2I4-a5233adfb04f,3.249,Zr4I8,15.325,Stable,https://bidb.fysik.dtu.dk/material/2ZrI2-1-2--1_0_0_-1-0_-0.25,No,,0.31,1537359.0,,No,pm11,11,12,Zr2I4-a5233adfb04f,2,2,,ZrI2,AB2,original24,12.05,26.075,-1,0,0,-1,0,1.0,0.0,0.428681215,2ZrI2-1-2--1_0_0_-1-0_-0.25,1,Zr2I4-a5233adfb04f,-0.25
Zr2I4-a5233adfb04f-2--1_0_0_-1-0_-0.27,Zr2I4-a5233adfb04f,3.243,Zr4I8,15.273,Unstable,https://bidb.fysik.dtu.dk/material/2ZrI2-1-2--1_0_0_-1-0_-0.27,No,,0.308,1537359.0,,No,pm11,11,12,Zr2I4-a5233adfb04f,2,2,,ZrI2,AB2,original24,12.044,26.075,-1,0,0,-1,0,1.0,0.0,0.428681215,2ZrI2-1-2--1_0_0_-1-0_-0.27,0,Zr2I4-a5233adfb04f,-0.27
Zr2I4-a5233adfb04f-2--1_0_0_-1-0_-0.61,Zr2I4-a5233adfb04f,3.439,Zr4I8,13.29,Unverified,https://bidb.fysik.dtu.dk/material/2ZrI2-1-2--1_0_0_-1-0_-0.61,No,,0.31,1537359.0,,No,pm11,11,12,Zr2I4-a5233adfb04f,2,2,,ZrI2,AB2,original24,12.241,26.075,-1,0,0,-1,0,1.0,0.0,0.428681215,2ZrI2-1-2--1_0_0_-1-0_-0.61,2,Zr2I4-a5233adfb04f,-0.61
Zr2I4-a5233adfb04f-2--1_0_0_-1-0_-0.87,Zr2I4-a5233adfb04f,3.428,Zr4I8,13.902,Unstable,https://bidb.fysik.dtu.dk/material/2ZrI2-1-2--1_0_0_-1-0_-0.87,No,,0.315,1537359.0,,No,pm11,11,12,Zr2I4-a5233adfb04f,2,2,,ZrI2,AB2,original24,12.229,26.075,-1,0,0,-1,0,1.0,0.0,0.428681215,2ZrI2-1-2--1_0_0_-1-0_-0.87,0,Zr2I4-a5233adfb04f,-0.87
Zr2I4-a5233adfb04f-2--1_0_0_-1-0_0.5,Zr2I4-a5233adfb04f,3.549,Zr4I8,12.546,Unverified,https://bidb.fysik.dtu.dk/material/2ZrI2-1-2--1_0_0_-1-0_0.5,No,,0.314,1537359.0,,No,pm2a,31,12,Zr2I4-a5233adfb04f,2,2,,ZrI2,AB2,original24,12.35,26.075,-1,0,0,-1,0,1.0,0.0,0.428681215,2ZrI2-1-2--1_0_0_-1-0_0.5,2,Zr2I4-a5233adfb04f,0.5
Zr2I4-a5233adfb04f-2--1_0_0_-1-0_0,Zr2I4-a5233adfb04f,3.555,Zr4I8,13.009,Unverified,https://bidb.fysik.dtu.dk/material/2ZrI2-1-2--1_0_0_-1-0_0,No,,0.324,1537359.0,,No,pm2_1n,32,12,Zr2I4-a5233adfb04f,2,2,,ZrI2,AB2,original24,12.356,26.075,-1,0,0,-1,0,1.0,0.0,0.428681215,2ZrI2-1-2--1_0_0_-1-0_0,2,Zr2I4-a5233adfb04f,0.0
Zr2I4-a5233adfb04f-2-1_0_0_1--0.5_-0.11,Zr2I4-a5233adfb04f,3.919,Zr4I8,10.218,Unverified,https://bidb.fysik.dtu.dk/material/2ZrI2-1-2-1_0_0_1--0.5_-0.11,No,,0.332,1537359.0,,Yes,p2/m11,14,12,Zr2I4-a5233adfb04f,2,2,,ZrI2,AB2,original24,12.72,26.075,1,0,0,1,0,1.0,-0.5,0.428681215,2ZrI2-1-2-1_0_0_1--0.5_-0.11,2,Zr2I4-a5233adfb04f,-0.11
Zr2I4-a5233adfb04f-2-1_0_0_1--0.5_-0.37,Zr2I4-a5233adfb04f,3.532,Zr4I8,12.529,Unverified,https://bidb.fysik.dtu.dk/material/2ZrI2-1-2-1_0_0_1--0.5_-0.37,No,,0.322,1537359.0,,Yes,p2/m11,14,12,Zr2I4-a5233adfb04f,2,2,,ZrI2,AB2,original24,12.333,26.075,1,0,0,1,0,1.0,-0.5,0.428681215,2ZrI2-1-2-1_0_0_1--0.5_-0.37,2,Zr2I4-a5233adfb04f,-0.37
Zr2I4-a5233adfb04f-2-1_0_0_1--0.5_-0.76,Zr2I4-a5233adfb04f,3.136,Zr4I8,16.412,Stable,https://bidb.fysik.dtu.dk/material/2ZrI2-1-2-1_0_0_1--0.5_-0.76,No,,0.32,1537359.0,,Yes,p2/m11,14,12,Zr2I4-a5233adfb04f,2,2,,ZrI2,AB2,original24,11.938,26.075,1,0,0,1,0,1.0,-0.5,0.428681215,2ZrI2-1-2-1_0_0_1--0.5_-0.76,1,Zr2I4-a5233adfb04f,-0.76
Zr2I4-a5233adfb04f-2-1_0_0_1--0.5_-0.77,Zr2I4-a5233adfb04f,3.139,Zr4I8,16.408,Unstable,https://bidb.fysik.dtu.dk/material/2ZrI2-1-2-1_0_0_1--0.5_-0.77,No,,0.32,1537359.0,,Yes,p2/m11,14,12,Zr2I4-a5233adfb04f,2,2,,ZrI2,AB2,original24,11.94,26.075,1,0,0,1,0,1.0,-0.5,0.428681215,2ZrI2-1-2-1_0_0_1--0.5_-0.77,0,Zr2I4-a5233adfb04f,-0.77
Zr2I4-a5233adfb04f-2-1_0_0_1-0.5_-0.23,Zr2I4-a5233adfb04f,3.896,Zr4I8,10.369,Unverified,https://bidb.fysik.dtu.dk/material/2ZrI2-1-2-1_0_0_1-0.5_-0.23,No,,0.331,1537359.0,,Yes,p2/m11,14,12,Zr2I4-a5233adfb04f,2,2,,ZrI2,AB2,original24,12.697,26.075,1,0,0,1,0,1.0,0.5,0.428681215,2ZrI2-1-2-1_0_0_1-0.5_-0.23,2,Zr2I4-a5233adfb04f,-0.23
Zr2I4-a5233adfb04f-2-1_0_0_1-0.5_-0.5,Zr2I4-a5233adfb04f,3.15,Zr4I8,15.898,Unstable,https://bidb.fysik.dtu.dk/material/2ZrI2-1-2-1_0_0_1-0.5_-0.5,No,,0.31,1537359.0,,Yes,p2/m11,14,12,Zr2I4-a5233adfb04f,2,2,,ZrI2,AB2,original24,11.951,26.075,1,0,0,1,0,1.0,0.5,0.428681215,2ZrI2-1-2-1_0_0_1-0.5_-0.5,0,Zr2I4-a5233adfb04f,-0.5
Zr2I4-a5233adfb04f-2-1_0_0_1-0.5_0.11,Zr2I4-a5233adfb04f,3.324,Zr4I8,14.048,Unstable,https://bidb.fysik.dtu.dk/material/2ZrI2-1-2-1_0_0_1-0.5_0.11,No,,0.318,1537359.0,,Yes,p2/m11,14,12,Zr2I4-a5233adfb04f,2,2,,ZrI2,AB2,original24,12.125,26.075,1,0,0,1,0,1.0,0.5,0.428681215,2ZrI2-1-2-1_0_0_1-0.5_0.11,0,Zr2I4-a5233adfb04f,0.11
Zr2I4-a5233adfb04f-2-1_0_0_1-0.5_0.37,Zr2I4-a5233adfb04f,3.156,Zr4I8,16.192,Unstable,https://bidb.fysik.dtu.dk/material/2ZrI2-1-2-1_0_0_1-0.5_0.37,No,,0.316,1537359.0,,Yes,p2/m11,14,12,Zr2I4-a5233adfb04f,2,2,,ZrI2,AB2,original24,11.957,26.075,1,0,0,1,0,1.0,0.5,0.428681215,2ZrI2-1-2-1_0_0_1-0.5_0.37,0,Zr2I4-a5233adfb04f,0.37
Zr2I4-a5233adfb04f-2-1_0_0_1-0.5_0,Zr2I4-a5233adfb04f,3.723,Zr4I8,11.332,Unverified,https://bidb.fysik.dtu.dk/material/2ZrI2-1-2-1_0_0_1-0.5_0,No,,0.33,1537359.0,,Yes,p2/m11,14,12,Zr2I4-a5233adfb04f,2,2,,ZrI2,AB2,original24,12.524,26.075,1,0,0,1,0,1.0,0.5,0.428681215,2ZrI2-1-2-1_0_0_1-0.5_0,2,Zr2I4-a5233adfb04f,0.0
Zr2I4-a5233adfb04f-2-1_0_0_1-0_-0.27,Zr2I4-a5233adfb04f,3.428,Zr4I8,13.438,Unverified,https://bidb.fysik.dtu.dk/material/2ZrI2-1-2-1_0_0_1-0_-0.27,No,,0.318,1537359.0,,Yes,p2_1/m11,15,12,Zr2I4-a5233adfb04f,2,2,,ZrI2,AB2,original24,12.229,26.075,1,0,0,1,0,1.0,0.0,0.428681215,2ZrI2-1-2-1_0_0_1-0_-0.27,2,Zr2I4-a5233adfb04f,-0.27
Zr2I4-a5233adfb04f-2-1_0_0_1-0_-0.39,Zr2I4-a5233adfb04f,3.243,Zr4I8,15.295,Unstable,https://bidb.fysik.dtu.dk/material/2ZrI2-1-2-1_0_0_1-0_-0.39,No,,0.323,1537359.0,,Yes,p2_1/m11,15,12,Zr2I4-a5233adfb04f,2,2,,ZrI2,AB2,original24,12.044,26.075,1,0,0,1,0,1.0,0.0,0.428681215,2ZrI2-1-2-1_0_0_1-0_-0.39,0,Zr2I4-a5233adfb04f,-0.39
Zr2I4-a5233adfb04f-2-1_0_0_1-0_-0.41,Zr2I4-a5233adfb04f,3.249,Zr4I8,15.349,Stable,https://bidb.fysik.dtu.dk/material/2ZrI2-1-2-1_0_0_1-0_-0.41,No,,0.322,1537359.0,,Yes,p2_1/m11,15,12,Zr2I4-a5233adfb04f,2,2,,ZrI2,AB2,original24,12.05,26.075,1,0,0,1,0,1.0,0.0,0.428681215,2ZrI2-1-2-1_0_0_1-0_-0.41,1,Zr2I4-a5233adfb04f,-0.41
Zr2I4-a5233adfb04f-2-1_0_0_1-0_-0.61,Zr2I4-a5233adfb04f,3.526,Zr4I8,13.193,Unverified,https://bidb.fysik.dtu.dk/material/2ZrI2-1-2-1_0_0_1-0_-0.61,No,,0.325,1537359.0,,Yes,p2_1/m11,15,12,Zr2I4-a5233adfb04f,2,2,,ZrI2,AB2,original24,12.327,26.075,1,0,0,1,0,1.0,0.0,0.428681215,2ZrI2-1-2-1_0_0_1-0_-0.61,2,Zr2I4-a5233adfb04f,-0.61
Zr2I4-a5233adfb04f-2-1_0_0_1-0_0.27,Zr2I4-a5233adfb04f,3.515,Zr4I8,13.283,Unverified,https://bidb.fysik.dtu.dk/material/2ZrI2-1-2-1_0_0_1-0_0.27,No,,0.323,1537359.0,,Yes,p2_1/m11,15,12,Zr2I4-a5233adfb04f,2,2,,ZrI2,AB2,original24,12.316,26.075,1,0,0,1,0,1.0,0.0,0.428681215,2ZrI2-1-2-1_0_0_1-0_0.27,2,Zr2I4-a5233adfb04f,0.27
Zr2I4-a5233adfb04f-2-1_0_0_1-0_0.5,Zr2I4-a5233adfb04f,3.358,Zr4I8,14.464,Unstable,https://bidb.fysik.dtu.dk/material/2ZrI2-1-2-1_0_0_1-0_0.5,No,,0.32,1537359.0,,Yes,p2_1/m11,15,12,Zr2I4-a5233adfb04f,2,2,,ZrI2,AB2,original24,12.16,26.075,1,0,0,1,0,1.0,0.0,0.428681215,2ZrI2-1-2-1_0_0_1-0_0.5,0,Zr2I4-a5233adfb04f,0.5
Zr2I4-a5233adfb04f-2-1_0_0_1-0_0,Zr2I4-a5233adfb04f,3.33,Zr4I8,14.045,Unstable,https://bidb.fysik.dtu.dk/material/2ZrI2-1-2-1_0_0_1-0_0,No,,0.303,1537359.0,,Yes,p2_1/m11,15,12,Zr2I4-a5233adfb04f,2,2,,ZrI2,AB2,original24,12.131,26.075,1,0,0,1,0,1.0,0.0,0.428681215,2ZrI2-1-2-1_0_0_1-0_0,0,Zr2I4-a5233adfb04f,0.0
